Villa Name,Wiki Link Text,Wiki Link,Grid Reference,Link
Colworth,Colworth House,/wiki/Colworth_House,SP971603,https://www.heritagegateway.org.uk/Gateway/Results_Single.aspx?uid=346800&resourceID=19191
Totternhoe,Totternhoe,/wiki/Totternhoe,SP98932080,https://www.heritagegateway.org.uk/Gateway/Results_Single.aspx?uid=346563&resourceID=19191
Aldermaston Wharf,Aldermaston Wharf,/wiki/Aldermaston_Wharf,SU605681,https://www.heritagegateway.org.uk/Gateway/Results_Single.aspx?uid=240982&resourceID=19191
Basildon,Lower Basildon,/wiki/Lower_Basildon,SU60797929,https://www.heritagegateway.org.uk/Gateway/Results_Single.aspx?uid=241288&resourceID=19191
Birch Farm,Marlston,/wiki/Marlston,SU529738,https://www.heritagegateway.org.uk/Gateway/Results_Single.aspx?uid=237393&resourceID=19191
Cox Green,Cox Green,/wiki/Cox_Green_Berkshire,SU86877979,https://www.heritagegateway.org.uk/Gateway/Results_Single.aspx?uid=247961&resourceID=19191
Eling Farm,Yattendon,/wiki/Yattendon,SU53237523,https://www.heritagegateway.org.uk/Gateway/Results_Single.aspx?uid=237286&resourceID=19191
Kintbury,Kintbury,/wiki/Kintbury,SU39416715,https://www.heritagegateway.org.uk/Gateway/Results_Single.aspx?uid=228668&resourceID=19191
Maddle Farm,Upper Lambourn,/wiki/Upper_Lambourn,SU301828,https://www.heritagegateway.org.uk/Gateway/Results_Single.aspx?uid=229360&resourceID=19191
Maidenhatch,Pangbourne,/wiki/Pangbourne,SU61757378,https://www.heritagegateway.org.uk/Gateway/Results_Single.aspx?uid=241612&resourceID=19191
Maidenhead,Maidenhead,/wiki/Maidenhead,SU88068110,https://www.heritagegateway.org.uk/Gateway/Results_Single.aspx?uid=248410&resourceID=19191
Well House Farm,Hermitage,/wiki/Hermitage_Berkshire,SU52347258,https://www.heritagegateway.org.uk/Gateway/Results_Single.aspx?uid=237389&resourceID=19191
Bancroft,Milton Keynes(StantonburyCP),/wiki/Milton_Keynes,SP82714036,https://www.heritagegateway.org.uk/Gateway/Results_Single.aspx?uid=345174&resourceID=19191
Foxcote,Foscott,/wiki/Foscott_Buckinghamshire,SP72233530,https://www.heritagegateway.org.uk/Gateway/Results_Single.aspx?uid=342930&resourceID=19191
Hambleden,Hambleden,/wiki/Hambleden,SU78398554,https://www.heritagegateway.org.uk/Gateway/Results_Single.aspx?uid=245181&resourceID=19191
Hambleden,Hambleden,/wiki/Hambleden,SU78638483,https://www.heritagegateway.org.uk/Gateway/Results_Single.aspx?uid=245271&resourceID=19191
High Wycombe,High Wycombe,/wiki/High_Wycombe,SU87409239,https://www.heritagegateway.org.uk/Gateway/Results_Single.aspx?uid=248726&resourceID=19191
Latimer,Latimer,/wiki/Latimer_Buckinghamshire,SU99779852,https://www.heritagegateway.org.uk/Gateway/Results_Single.aspx?uid=251990&resourceID=19191
Lavendon,Lavendon,/wiki/Lavendon,SP90895409,https://www.heritagegateway.org.uk/Gateway/Results_Single.aspx?uid=346970&resourceID=19191
Mursley,Mursley,/wiki/Mursley,SP83263038,https://www.heritagegateway.org.uk/Gateway/Results_Single.aspx?uid=344806&resourceID=19191
Saunderton,Saunderton,/wiki/Saunderton,SP79710190,https://www.heritagegateway.org.uk/Gateway/Results_Single.aspx?uid=342603&resourceID=19191
Stanton Low,Milton Keynes(StantonburyCP),/wiki/Milton_Keynes,SP841430,https://www.heritagegateway.org.uk/Gateway/Results_Single.aspx?uid=345100&resourceID=19191
Thornton,Thornton,/wiki/Thornton_Buckinghamshire,SP75653672,https://www.heritagegateway.org.uk/Gateway/Results_Single.aspx?uid=342881&resourceID=19191
Barnack,Barnack,/wiki/Barnack,TF08030663,https://www.heritagegateway.org.uk/Gateway/Results_Single.aspx?uid=347802&resourceID=19191
Bartlow,Bartlow,/wiki/Bartlow,TL58724499,https://www.heritagegateway.org.uk/Gateway/Results_Single.aspx?uid=374140&resourceID=19191
Castor,Castor,/wiki/Castor_Cambridgeshire,TL12609725,https://www.heritagegateway.org.uk/Gateway/Results_Single.aspx?uid=364439&resourceID=19191
Comberton,Comberton,/wiki/Comberton,TL38455489,https://www.heritagegateway.org.uk/Gateway/Results_Single.aspx?uid=368941&resourceID=19191
Croydon,Croydon,/wiki/Croydon_Cambridgeshire,TL324483,https://www.heritagegateway.org.uk/Gateway/Results_Single.aspx?uid=368572&resourceID=19191
Fordham,Fordham,/wiki/Fordham_Cambridgeshire,TL635684,https://www.heritagegateway.org.uk/Gateway/Results_Single.aspx?uid=377396&resourceID=19191
Godmanchester,Godmanchester,/wiki/Godmanchester,TL257713,https://www.heritagegateway.org.uk/Gateway/Results_Single.aspx?uid=366565&resourceID=19191
Great Wilbraham,Great Wilbraham,/wiki/Great_Wilbraham,TL55825763,https://www.heritagegateway.org.uk/Gateway/Results_Single.aspx?uid=1095800&resourceID=19191
Guilden Morden,Guilden Morden,/wiki/Guilden_Morden,TL27634054,https://www.heritagegateway.org.uk/Gateway/Results_Single.aspx?uid=365953&resourceID=19191
Helpston,Helpston,/wiki/Helpston,TF12370408,https://www.heritagegateway.org.uk/Gateway/Results_Single.aspx?uid=350328&resourceID=19191
Huntingdon,Huntingdon,/wiki/Huntingdon,TL23667138,https://www.heritagegateway.org.uk/Gateway/Results_Single.aspx?uid=366748&resourceID=19191
Ickleton,Ickleton,/wiki/Ickleton,TL496431,https://www.heritagegateway.org.uk/Gateway/Results_Single.aspx?uid=371050&resourceID=19191
Itter Crescent,Walton Peterborough,/wiki/Walton_Peterborough,TF182020,N/A
Linton,Linton,/wiki/Linton_Cambridgeshire,TL57594615,https://www.heritagegateway.org.uk/Gateway/Results_Single.aspx?uid=374014&resourceID=19191
Litlington,Litlington,/wiki/Litlington_Cambridgeshire,TL31264247,https://www.heritagegateway.org.uk/Gateway/Results_Single.aspx?uid=368682&resourceID=19191
Orton Longueville,Orton Longueville,/wiki/Orton_Longueville,TL176956,https://www.heritagegateway.org.uk/Gateway/Results_Single.aspx?uid=364221&resourceID=19191
Pilsgate,Barnack,/wiki/Barnack,TF05670651,https://www.heritagegateway.org.uk/Gateway/Results_Single.aspx?uid=347808&resourceID=19191
Reach,Reach,/wiki/Reach_Cambridgeshire,TL57266518,https://www.heritagegateway.org.uk/Gateway/Results_Single.aspx?uid=374665&resourceID=19191
Rushey Farm,Great Staughton,/wiki/Great_Staughton,TL13466304,https://www.heritagegateway.org.uk/Gateway/Results_Single.aspx?uid=363484&resourceID=19191
Sacrewell Lodge,Thornhaugh,/wiki/Thornhaugh,TF07630046,https://www.heritagegateway.org.uk/Gateway/Results_Single.aspx?uid=348090&resourceID=19191
Teversham,Teversham,/wiki/Teversham,TL49965752,https://www.heritagegateway.org.uk/Gateway/Results_Single.aspx?uid=371259&resourceID=19191
Water Newton,Water Newton,/wiki/Water_Newton,TL111973,https://www.heritagegateway.org.uk/Gateway/Results_Single.aspx?uid=364448&resourceID=19191
Vale Royal,Eaton,/wiki/Eaton_Rushton,SJ571634,https://www.heritagegateway.org.uk/Gateway/Results_Single.aspx?uid=71430&resourceID=19191
Magor,Illogan,/wiki/Illogan,SW63674235,https://www.heritagegateway.org.uk/Gateway/Results_Single.aspx?uid=426186&resourceID=19191
Carsington by Wirksworth,Carsington Water,/wiki/Carsington_Water,SK24925166,https://www.heritagegateway.org.uk/Gateway/Results_Single.aspx?uid=607068&resourceID=19191
Downes,Downes Crediton,/wiki/Downes_Crediton,SX85049920,https://www.heritagegateway.org.uk/Gateway/Results_Single.aspx?uid=918313&resourceID=19191
Holcombe,Holcombe,/wiki/Holcombe_East_Devon,SY31499281,https://www.heritagegateway.org.uk/Gateway/Results_Single.aspx?uid=449785&resourceID=19191
Honeyditchesgh,Seatonl,/wiki/Seaton_Devon,SY238909,https://www.heritagegateway.org.uk/Gateway/Results_Single.aspx?uid=449679&resourceID=19191
Brenscombe Farm,Corfe Castle,/wiki/Corfe_Castle_(village),SY97898272,https://www.heritagegateway.org.uk/Gateway/Results_Single.aspx?uid=456839&resourceID=19191
Bucknowle Farm,Corfe Castle,/w/index.php?title=Buxknowle_Roman_villa&action=edit&redlink=1,SY95368146,https://www.heritagegateway.org.uk/Gateway/Results_Single.aspx?uid=456872&resourceID=19191
Dewlish,Dewlish,/wiki/Dewlish,SY76789720,https://www.heritagegateway.org.uk/Gateway/Results_Single.aspx?uid=454480&resourceID=19191
Druce Farm,Puddletown,/wiki/Puddletown,SY7496,N/A
East Creech,East Creech,/wiki/East_Creech,SY93478277,https://www.heritagegateway.org.uk/Gateway/Results_Single.aspx?uid=456920&resourceID=19191
Farnham,Farnham,/wiki/Farnham_Dorset,ST9615,https://www.heritagegateway.org.uk/Gateway/Results_Single.aspx?uid=209791&resourceID=19191
Fifehead Neville,Fifehead Neville,/wiki/Fifehead_Neville,ST77281121,https://www.heritagegateway.org.uk/Gateway/Results_Single.aspx?uid=202262&resourceID=19191
Frampton,Frampton,/wiki/Frampton_Dorset,SY61589528,https://www.heritagegateway.org.uk/Gateway/Results_Single.aspx?uid=453174&resourceID=19191
Halstock,Halstock,/wiki/Halstock,ST53380757,https://www.heritagegateway.org.uk/Gateway/Results_Single.aspx?uid=195721&resourceID=19191
Hemsworth,Witchampton,/wiki/Witchampton,ST96320587,https://www.heritagegateway.org.uk/Gateway/Results_Single.aspx?uid=209284&resourceID=19191
Hinton St Mary,Hinton St Mary,/wiki/Hinton_St_Mary,ST78451602,https://www.heritagegateway.org.uk/Gateway/Results_Single.aspx?uid=202177&resourceID=19191
Iwerne,Iwerne Minster,/wiki/Iwerne_Minster,ST85691375,https://www.heritagegateway.org.uk/Gateway/Results_Single.aspx?uid=206061&resourceID=19191
Lenthay,Sherborne,/wiki/Sherborne,ST62451529,https://www.heritagegateway.org.uk/Gateway/Results_Single.aspx?uid=199497&resourceID=19191
Myncen Farm,Gussage St Andrew,/wiki/Gussage,ST973143,https://www.heritagegateway.org.uk/Gateway/Results_Single.aspx?uid=912528&resourceID=19191
Preston,Preston,/wiki/Preston_Dorset,SY70298270,https://www.heritagegateway.org.uk/Gateway/Results_Single.aspx?uid=454283&resourceID=19191
Tarrant Hinton,Tarrant Hinton,/wiki/Tarrant_Hinton,ST92591194,https://www.heritagegateway.org.uk/Gateway/Results_Single.aspx?uid=210228&resourceID=19191
Thornford,Thornford,/wiki/Thornford,ST59451363,https://www.heritagegateway.org.uk/Gateway/Results_Single.aspx?uid=196188&resourceID=19191
Walls Field,Charminster,/wiki/Charminster,SY66729492,https://www.heritagegateway.org.uk/Gateway/Results_Single.aspx?uid=453248&resourceID=19191
Wynford Eagle,Wynford Eagle,/wiki/Wynford_Eagle,SY575952,https://www.heritagegateway.org.uk/Gateway/Results_Single.aspx?uid=450700&resourceID=19191
Alresford,Alresford,/wiki/Alresford_Essex,TM06091993,https://www.heritagegateway.org.uk/Gateway/Results_Single.aspx?uid=385970&resourceID=19191
Ashdon,Ashdon,/wiki/Ashdon,TL57784347,https://www.heritagegateway.org.uk/Gateway/Results_Single.aspx?uid=374158&resourceID=19191
Brightlingsea,Brightlingsea,/wiki/Brightlingsea,TM05881872,https://www.heritagegateway.org.uk/Gateway/Results_Single.aspx?uid=385972&resourceID=19191
Chignall,Chignal St James,/wiki/Chignal_St_James,TL66251086,https://www.heritagegateway.org.uk/Gateway/Results_Single.aspx?uid=376080&resourceID=19191
Finchingfield,Finchingfield,/wiki/Finchingfield,TL668337,https://www.heritagegateway.org.uk/Gateway/Results_Single.aspx?uid=376680&resourceID=19191
Finchingfield,Finchingfield,/wiki/Finchingfield,TL69053256,https://www.heritagegateway.org.uk/Gateway/Results_Single.aspx?uid=376691&resourceID=19191
Fryerning,Fryerning,/wiki/Fryerning,TL646018,https://www.heritagegateway.org.uk/Gateway/Results_Single.aspx?uid=375861&resourceID=19191
Gestingthorpe,Gestingthorpe,/wiki/Gestingthorpe,TL827386,https://www.heritagegateway.org.uk/Gateway/Results_Single.aspx?uid=381671&resourceID=19191
Great Tey,Great Tey,/wiki/Great_Tey,TL88922546,https://www.heritagegateway.org.uk/Gateway/Results_Single.aspx?uid=381346&resourceID=19191
Hallingbury,Little Hallingbury,/wiki/Little_Hallingbury,TL49221638,https://www.heritagegateway.org.uk/Gateway/Results_Single.aspx?uid=369973&resourceID=19191
Harlow,Harlow,/wiki/Harlow,TL48091255,https://www.heritagegateway.org.uk/Gateway/Results_Single.aspx?uid=1084331&resourceID=19191
Little Dunmow,Little Dunmow,/wiki/Little_Dunmow,TL664212,https://www.heritagegateway.org.uk/Gateway/Results_Single.aspx?uid=376402&resourceID=19191
Little Oakley,Little Oakley,/wiki/Little_Oakley_Essex,TM223290,https://www.heritagegateway.org.uk/Gateway/Results_Single.aspx?uid=389512&resourceID=19191
Mucking,Mucking,/wiki/Mucking,TQ673804,https://www.heritagegateway.org.uk/Gateway/Results_Single.aspx?uid=1302380&resourceID=19191
Park Farm,Abberton,/wiki/Abberton_Essex,TL994203,https://www.heritagegateway.org.uk/Gateway/Results_Single.aspx?uid=384123&resourceID=19191
Pleshey,Pleshey,/wiki/Pleshey,TL65101435,https://www.heritagegateway.org.uk/Gateway/Results_Single.aspx?uid=376028&resourceID=19191
Rivenhall,Rivenhall,/wiki/Rivenhall,TL82971784,https://www.heritagegateway.org.uk/Gateway/Results_Single.aspx?uid=381076&resourceID=19191
Ridgewell,Ridgewell,/wiki/Ridgewell,TL73304026,https://www.heritagegateway.org.uk/Gateway/Results_Single.aspx?uid=379420&resourceID=19191
Stebbing,Stebbing,/wiki/Stebbing,TL67692446,https://www.heritagegateway.org.uk/Gateway/Results_Single.aspx?uid=376358&resourceID=19191
Stebbing Green,Stebbing,/wiki/Stebbing,TL68852334,https://www.heritagegateway.org.uk/Gateway/Results_Single.aspx?uid=376366&resourceID=19191
Wendens Ambo,Wendens Ambo,/wiki/Wendens_Ambo,TL508360,https://www.heritagegateway.org.uk/Gateway/Results_Single.aspx?uid=373695&resourceID=19191
West Mersea,West Mersea,/wiki/West_Mersea,TM00961251,https://www.heritagegateway.org.uk/Gateway/Results_Single.aspx?uid=386129&resourceID=19191
Abbotswood,Lower Swell,/wiki/Lower_Swell,SP18542624,https://www.heritagegateway.org.uk/Gateway/Results_Single.aspx?uid=330160&resourceID=19191
Ampney St Peter,Ampney St Peter,/wiki/Ampney_St_Peter,SP08050052,https://www.heritagegateway.org.uk/Gateway/Results_Single.aspx?uid=327315&resourceID=19191
Barnsley Park,Barnsley,/wiki/Barnsley_Gloucestershire,SP08120617,https://www.heritagegateway.org.uk/Gateway/Results_Single.aspx?uid=327163&resourceID=19191
Barrington Park,Barrington,/wiki/Barrington_Gloucestershire,SP20411381,https://www.heritagegateway.org.uk/Gateway/Results_Single.aspx?uid=332433&resourceID=19191
Bibury,Bibury,/wiki/Bibury,SP12220652,https://www.heritagegateway.org.uk/Gateway/Results_Single.aspx?uid=329710&resourceID=19191
Boughspring,Boughspring,/wiki/Boughspring,ST55969738,https://www.heritagegateway.org.uk/Gateway/Results_Single.aspx?uid=198716&resourceID=19191
Brislington,Brislington,/wiki/Brislington,ST61647097,https://www.heritagegateway.org.uk/Gateway/Results_Single.aspx?uid=201401&resourceID=19191
Broadwell,Broadwell,/wiki/Broadwell_Cotswold,SP19922802,https://www.heritagegateway.org.uk/Gateway/Results_Single.aspx?uid=330131&resourceID=19191
Chedworth,Chedworth,/wiki/Chedworth,SP05271347,https://www.heritagegateway.org.uk/Gateway/Results_Single.aspx?uid=327592&resourceID=19191
Cheyney Court,Upton Cheyney,/wiki/Upton_Cheyney,ST695698,https://www.heritagegateway.org.uk/Gateway/Results_Single.aspx?uid=200843&resourceID=19191
Cirencester,Cirencester,/wiki/Cirencester,SP01630232,https://www.heritagegateway.org.uk/Gateway/Results_Single.aspx?uid=327354&resourceID=19191
Clear Cupboard,Farmington,/wiki/Farmington_Gloucestershire,SP13231582,https://www.heritagegateway.org.uk/Gateway/Results_Single.aspx?uid=329941&resourceID=19191
Cold Harbour Farm,Wick,/wiki/Wick_Gloucestershire,ST70667192,https://www.heritagegateway.org.uk/Gateway/Results_Single.aspx?uid=204952&resourceID=19191
Combend,Colesbourne,/wiki/Colesbourne,SO98411107,https://www.heritagegateway.org.uk/Gateway/Results_Single.aspx?uid=117505&resourceID=19191
Compton Grove,Compton Abdale,/wiki/Compton_Abdale,SP04821624,https://www.heritagegateway.org.uk/Gateway/Results_Single.aspx?uid=327505&resourceID=19191
Ditches,Woodmancote,/wiki/Woodmancote_Cirencester,SO99590944,https://www.heritagegateway.org.uk/Gateway/Results_Single.aspx?uid=117102&resourceID=19191
Dryhill,Crickley Hill,/w/index.php?title=Crickley_Hill_Country_Park&action=edit&redlink=1,SO93161688,https://www.heritagegateway.org.uk/Gateway/Results_Single.aspx?uid=117453&resourceID=19191
Eastleach,Eastleach,/wiki/Eastleach,SP18900634,https://www.heritagegateway.org.uk/Gateway/Results_Single.aspx?uid=918537&resourceID=19191
Ebrington,Ebrington,/wiki/Ebrington,SP18923999,https://www.heritagegateway.org.uk/Gateway/Results_Single.aspx?uid=330563&resourceID=19191
Frocester Court,Frocester,/wiki/Frocester,SO78490272,https://www.heritagegateway.org.uk/Gateway/Results_Single.aspx?uid=113199&resourceID=19191
Great Barrington,Barrington,/wiki/Barrington_Gloucestershire,SP21711324,https://www.heritagegateway.org.uk/Gateway/Results_Single.aspx?uid=332436&resourceID=19191
Great Lemhill,Lechlade,/wiki/Lechlade,SP21200249,https://www.heritagegateway.org.uk/Gateway/Results_Single.aspx?uid=332221&resourceID=19191
Great Rissington,Great Rissington,/wiki/Great_Rissington,SP18941634,https://www.heritagegateway.org.uk/Gateway/Results_Single.aspx?uid=329866&resourceID=19191
Great Witcombe,Great Witcombe,/wiki/Great_Witcombe,SO89931424,https://www.heritagegateway.org.uk/Gateway/Results_Single.aspx?uid=115513&resourceID=19191
Highfold,Painswick,/wiki/Painswick,SO85761021,https://www.heritagegateway.org.uk/Gateway/Results_Single.aspx?uid=115532&resourceID=19191
Hocberry,Rodmarton,/wiki/Rodmarton,ST94439843,https://www.heritagegateway.org.uk/Gateway/Results_Single.aspx?uid=212790&resourceID=19191
Hucclecote,Hucclecote,/wiki/Hucclecote,SO87691755,https://www.heritagegateway.org.uk/Gateway/Results_Single.aspx?uid=115209&resourceID=19191
Ironmongers Piece,Marshfield,/wiki/Marshfield_Gloucestershire,ST79857602,https://www.heritagegateway.org.uk/Gateway/Results_Single.aspx?uid=204850&resourceID=19191
Kempsford,Kempsford,/wiki/Kempsford,SU16809711,https://www.heritagegateway.org.uk/Gateway/Results_Single.aspx?uid=1010687&resourceID=19191
Kings Weston,Kings Weston,/wiki/Kings_Weston,ST53397755,https://www.heritagegateway.org.uk/Gateway/Results_Single.aspx?uid=198239&resourceID=19191
Lechlade,Lechlade,/wiki/Lechlade,SP21600087,https://www.heritagegateway.org.uk/Gateway/Results_Single.aspx?uid=332224&resourceID=19191
Lillyhorn,Bournes Green,/wiki/Oakridge_Stroud_Gloucestershire,SO91320438,https://www.heritagegateway.org.uk/Gateway/Results_Single.aspx?uid=117310&resourceID=19191
Listercombe Bottom,Chedworth,/wiki/Chedworth,SP07011174,https://www.heritagegateway.org.uk/Gateway/Results_Single.aspx?uid=327610&resourceID=19191
Naunton,Naunton,/wiki/Naunton,SP131234,https://www.heritagegateway.org.uk/Gateway/Results_Single.aspx?uid=330507&resourceID=19191
Park Farm,Aylburton,/wiki/Aylburton,SO62500187,https://www.heritagegateway.org.uk/Gateway/Results_Single.aspx?uid=111684&resourceID=19191
Priest Wood,Cromhall,/wiki/Cromhall,ST68588974,https://www.heritagegateway.org.uk/Gateway/Results_Single.aspx?uid=201442&resourceID=19191
Shipton,Shipton,/wiki/Shipton_Gloucestershire,SP05471825,https://www.heritagegateway.org.uk/Gateway/Results_Single.aspx?uid=1509781&resourceID=19191
Spoonley Wood,Winchcombe,/wiki/Winchcombe,SP04502568,https://www.heritagegateway.org.uk/Gateway/Results_Single.aspx?uid=327838&resourceID=19191
St Peters Church,Frocester,/wiki/Frocester,SO77100327,https://www.heritagegateway.org.uk/Gateway/Results_Single.aspx?uid=113220&resourceID=19191
Stancombe,North Nibley,/wiki/North_Nibley,ST74139702,https://www.heritagegateway.org.uk/Gateway/Results_Single.aspx?uid=205263&resourceID=19191
The Chesters,Woolaston,/wiki/Woolaston,ST597987,https://www.heritagegateway.org.uk/Gateway/Results_Single.aspx?uid=198703&resourceID=19191
Tockington Park,Tockington,/wiki/Tockington,ST62728565,https://www.heritagegateway.org.uk/Gateway/Results_Single.aspx?uid=201524&resourceID=19191
Tresham,Tresham,/wiki/Tresham,ST803901,https://www.heritagegateway.org.uk/Gateway/Results_Single.aspx?uid=209247&resourceID=19191
Turkdean,Turkdean,/wiki/Turkdean,SP099190,https://www.heritagegateway.org.uk/Gateway/Results_Single.aspx?uid=1185169&resourceID=19191
Wadfield Farm,Winchcombe,/wiki/Winchcombe,SP02332604,https://www.heritagegateway.org.uk/Gateway/Results_Single.aspx?uid=327832&resourceID=19191
Waltham Field,Whittington,/wiki/Whittington_Gloucestershire,SP00802093,https://www.heritagegateway.org.uk/Gateway/Results_Single.aspx?uid=328021&resourceID=19191
West Chestle,Aldsworth,/wiki/Aldsworth,SP143101,https://www.heritagegateway.org.uk/Gateway/Results_Single.aspx?uid=763697&resourceID=19191
Whittington,Whittington,/wiki/Whittington_Gloucestershire,SP01562051,https://www.heritagegateway.org.uk/Gateway/Results_Single.aspx?uid=327977&resourceID=19191
Willington Court,Sandhurst,/wiki/Sandhurst_Gloucestershire,SO83862425,https://www.heritagegateway.org.uk/Gateway/Results_Single.aspx?uid=115715&resourceID=19191
Withington,Withington,/wiki/Withington_Gloucestershire,SP03111486,https://www.heritagegateway.org.uk/Gateway/Results_Single.aspx?uid=327648&resourceID=19191
Woodchester,Woodchester,/wiki/Woodchester,SO83960311,https://www.heritagegateway.org.uk/Gateway/Results_Single.aspx?uid=115125&resourceID=19191
Wortley,Wortley,/w/index.php?title=Wortley_Gloucestershire&action=edit&redlink=1,ST76909184,https://www.heritagegateway.org.uk/Gateway/Results_Single.aspx?uid=765487&resourceID=19191
Beddington,Beddington,/wiki/Beddington,TQ29766581,https://www.heritagegateway.org.uk/Gateway/Results_Single.aspx?uid=400597&resourceID=19191
Crofton,Orpington,/wiki/Orpington,TQ45426583,https://www.heritagegateway.org.uk/Gateway/Results_Single.aspx?uid=407700&resourceID=19191
Keston,Keston,/wiki/Keston,TQ41316327,https://www.heritagegateway.org.uk/Gateway/Results_Single.aspx?uid=407834&resourceID=19191
Poverest Road,St Mary Cray,/wiki/St_Mary_Cray,TQ46796758,https://www.heritagegateway.org.uk/Gateway/Results_Single.aspx?uid=407594&resourceID=19191
Wanstead,Wanstead,/wiki/Wanstead,TQ41658716,https://www.heritagegateway.org.uk/Gateway/Results_Single.aspx?uid=408132&resourceID=19191
Abbotts Ann,Abbotts Ann,/wiki/Abbotts_Ann,SU31434190,https://www.heritagegateway.org.uk/Gateway/Results_Single.aspx?uid=228300&resourceID=19191
Appleshaw,Appleshaw,/wiki/Appleshaw,SU30164764,https://www.heritagegateway.org.uk/Gateway/Results_Single.aspx?uid=228060&resourceID=19191
Balchester,Upper Wootton,/wiki/Upper_Wootton,SU58005594,https://www.heritagegateway.org.uk/Gateway/Results_Single.aspx?uid=236499&resourceID=19191
Binsted,Binsted,/wiki/Binsted,SU786413,https://www.heritagegateway.org.uk/Gateway/Results_Single.aspx?uid=243998&resourceID=19191
Bramdean,Bramdean,/wiki/Bramdean,SU62752813,https://www.heritagegateway.org.uk/Gateway/Results_Single.aspx?uid=239199&resourceID=19191
Burghclere,Burghclere,/wiki/Burghclere,SU48286015,https://www.heritagegateway.org.uk/Gateway/Results_Single.aspx?uid=233302&resourceID=19191
Clanville,Clanville,/wiki/Clanville,SU31454897,https://www.heritagegateway.org.uk/Gateway/Results_Single.aspx?uid=228030&resourceID=19191
Crondall,Crondall,/wiki/Crondall,SU79504712,https://www.heritagegateway.org.uk/Gateway/Results_Single.aspx?uid=243750&resourceID=19191
Eastleigh,Eastleigh,/wiki/Eastleigh,SU45231628,https://www.heritagegateway.org.uk/Gateway/Results_Single.aspx?uid=230032&resourceID=19191
Fullerton,Fullerton,/wiki/Fullerton_Hampshire,SU37494006,https://www.heritagegateway.org.uk/Gateway/Results_Single.aspx?uid=227344&resourceID=19191
Fyfield,Fyfield,/wiki/Fyfield_Hampshire,SU29525028,https://www.heritagegateway.org.uk/Gateway/Results_Single.aspx?uid=224368&resourceID=19191
Glade Farm,Bentley,/wiki/Bentley_Hampshire,SU77914582,https://www.heritagegateway.org.uk/Gateway/Results_Single.aspx?uid=243745&resourceID=19191
Grateley,Grateley,/wiki/Grateley,SU276410,https://www.heritagegateway.org.uk/Gateway/Results_Single.aspx?uid=223994&resourceID=19191
Hambledon,Hambledon,/wiki/Hambledon_Hampshire,SU64431429,https://www.heritagegateway.org.uk/Gateway/Results_Single.aspx?uid=239063&resourceID=19191
Havant,Havant,/wiki/Havant,SU69150726,https://www.heritagegateway.org.uk/Gateway/Results_Single.aspx?uid=238381&resourceID=19191
Hurstbourne Priors,Hurstbourne Priors,/wiki/Hurstbourne_Priors,SU44574982,https://www.heritagegateway.org.uk/Gateway/Results_Single.aspx?uid=232098&resourceID=19191
Itchen Abbas,Itchen Abbas,/wiki/Itchen_Abbas,SU52883430,https://www.heritagegateway.org.uk/Gateway/Results_Single.aspx?uid=235842&resourceID=19191
Langstone,Langstone,/wiki/Langstone_Hampshire,SU71730532,https://www.heritagegateway.org.uk/Gateway/Results_Single.aspx?uid=242160&resourceID=19191
Lippen Wood,West Meon,/wiki/West_Meon,SU63212451,https://www.heritagegateway.org.uk/Gateway/Results_Single.aspx?uid=239364&resourceID=19191
Liss,Liss,/wiki/Liss_(England),SU7628,N/A
Longstock,Longstock,/wiki/Longstock,SU34193617,https://www.heritagegateway.org.uk/Gateway/Results_Single.aspx?uid=227553&resourceID=19191
Meonstoke,Meonstoke,/wiki/Meonstoke,SU61652105,https://www.heritagegateway.org.uk/Gateway/Results_Single.aspx?uid=239419&resourceID=19191
Micheldever Wood,Micheldever,/wiki/Micheldever,SU53093820,https://www.heritagegateway.org.uk/Gateway/Results_Single.aspx?uid=235570&resourceID=19191
Monk Sherborne,Monk Sherborne,/wiki/Monk_Sherborne,SU60665486,https://www.heritagegateway.org.uk/Gateway/Results_Single.aspx?uid=240586&resourceID=19191
North Waltham,North Waltham,/wiki/North_Waltham_Hampshire,SU56994549,https://www.heritagegateway.org.uk/Gateway/Results_Single.aspx?uid=236060&resourceID=19191
Odiham,Odiham,/wiki/Odiham,SU73615263,https://www.heritagegateway.org.uk/Gateway/Results_Single.aspx?uid=244258&resourceID=19191
Old Alresford,Old Alresford,/wiki/Old_Alresford,SU58193342,https://www.heritagegateway.org.uk/Gateway/Results_Single.aspx?uid=235723&resourceID=19191
Rockbourne,Rockbourne,/wiki/Rockbourne,SU12011702,https://www.heritagegateway.org.uk/Gateway/Results_Single.aspx?uid=217299&resourceID=19191
Rowlands Castle,Rowlands Castle,/wiki/Rowlands_Castle,SU73420988,https://www.heritagegateway.org.uk/Gateway/Results_Single.aspx?uid=242847&resourceID=19191
Rowlands Castle,Rowlands Castle,/wiki/Rowlands_Castle,SU737114,https://www.heritagegateway.org.uk/Gateway/Results_Single.aspx?uid=242833&resourceID=19191
Sparsholt,Sparsholt,/wiki/Sparsholt_Hampshire,SU41493012,https://www.heritagegateway.org.uk/Gateway/Results_Single.aspx?uid=231909&resourceID=19191
Stanchester,Chilton Candover,/wiki/Chilton_Candover,SU58044108,https://www.heritagegateway.org.uk/Gateway/Results_Single.aspx?uid=236285&resourceID=19191
Stroud,Stroud,/wiki/Stroud_Hampshire,SU72512360,https://www.heritagegateway.org.uk/Gateway/Results_Single.aspx?uid=243069&resourceID=19191
Tidbury,Tidbury Ring,/wiki/Tidbury_Ring,SU46284292,https://www.heritagegateway.org.uk/Gateway/Results_Single.aspx?uid=232181&resourceID=19191
Twyford,Twyford,/wiki/Twyford_Hampshire,SU48342439,https://www.heritagegateway.org.uk/Gateway/Results_Single.aspx?uid=231220&resourceID=19191
Upham,Upham,/wiki/Upham_Hampshire,SU54422247,https://www.heritagegateway.org.uk/Gateway/Results_Single.aspx?uid=235346&resourceID=19191
Wyck,Wyck,/wiki/Wyck_Hampshire,SU75873938,https://www.heritagegateway.org.uk/Gateway/Results_Single.aspx?uid=243199&resourceID=19191
Bishopstone,Bishopstone,/wiki/Bishopstone_Herefordshire,SO41754337,https://www.heritagegateway.org.uk/Gateway/Results_Single.aspx?uid=108082&resourceID=19191
Credenhill,Credenhill,/wiki/Credenhill,SO44654263,https://www.heritagegateway.org.uk/Gateway/Results_Single.aspx?uid=108096&resourceID=19191
Huntsham,Goodrich,/wiki/Goodrich_Herefordshire,SO56431768,https://www.heritagegateway.org.uk/Gateway/Results_Single.aspx?uid=109575&resourceID=19191
New Weir,Kenchester,/wiki/Kenchester,SO43674181,https://www.heritagegateway.org.uk/Gateway/Results_Single.aspx?uid=108100&resourceID=19191
Radlett,Radlett,/wiki/Radlett,TL143011,https://www.heritagegateway.org.uk/Gateway/Results_Single.aspx?uid=362062&resourceID=19191
Radwell,Radwell,/wiki/Radwell_Hertfordshire,TL23443535,https://www.heritagegateway.org.uk/Gateway/Results_Single.aspx?uid=365614&resourceID=19191
Weston,Weston,/wiki/Weston_Hertfordshire,TL27273079,https://www.heritagegateway.org.uk/Gateway/Results_Single.aspx?uid=365679&resourceID=19191
Boxmoor,Boxmoor,/wiki/Boxmoor,TL03810568,https://www.heritagegateway.org.uk/Gateway/Results_Single.aspx?uid=359304&resourceID=19191
Dicket Mead,Welwyn,/wiki/Welwyn,TL23551601,https://www.heritagegateway.org.uk/Gateway/Results_Single.aspx?uid=364864&resourceID=19191
Gadebridge Park,Hemel Hempstead,/wiki/Hemel_Hempstead,TL05030867,https://www.heritagegateway.org.uk/Gateway/Results_Single.aspx?uid=359278&resourceID=19191
Gorhambury,Gorhambury,/wiki/Gorhambury,TL11750793,https://www.heritagegateway.org.uk/Gateway/Results_Single.aspx?uid=361934&resourceID=19191
Kings Langley,Kings Langley,/wiki/Kings_Langley,TL078022,https://www.heritagegateway.org.uk/Gateway/Results_Single.aspx?uid=359335&resourceID=19191
Lockleys,Welwyn,/wiki/Welwyn,TL23771620,https://www.heritagegateway.org.uk/Gateway/Results_Single.aspx?uid=364820&resourceID=19191
Moor Park,Moor Park,/wiki/Moor_Park_Hertfordshire,TQ08009348,https://www.heritagegateway.org.uk/Gateway/Results_Single.aspx?uid=395289&resourceID=19191
Northchurch,Northchurch,/wiki/Northchurch,SP97300923,https://www.heritagegateway.org.uk/Gateway/Results_Single.aspx?uid=346269&resourceID=19191
Park Street,Park Street,/wiki/Park_Street_Hertfordshire,TL14690308,https://www.heritagegateway.org.uk/Gateway/Results_Single.aspx?uid=362066&resourceID=19191
"Wymondley, also known as Ninesprings,",nearHitchin,/wiki/Hitchin,TL20722924,https://www.heritagegateway.org.uk/Gateway/Results_Single.aspx?uid=365078&resourceID=19191
Brading,Brading,/wiki/Brading,SZ60008625,https://www.heritagegateway.org.uk/Gateway/Results_Single.aspx?uid=461161&resourceID=19191
Carisbrooke,Carisbrooke,/wiki/Carisbrooke,SZ48508809,https://www.heritagegateway.org.uk/Gateway/Results_Single.aspx?uid=460043&resourceID=19191
Clatterford,Carisbrooke,/wiki/Carisbrooke,SZ47968747,https://www.heritagegateway.org.uk/Gateway/Results_Single.aspx?uid=460017&resourceID=19191
Combley,Robin Hill,/wiki/Robin_Hill_(theme_park),SZ53808787,https://www.heritagegateway.org.uk/Gateway/Results_Single.aspx?uid=461298&resourceID=19191
Gurnard,Gurnard,/wiki/Gurnard_Isle_of_Wight,SZ47149540,https://www.heritagegateway.org.uk/Gateway/Results_Single.aspx?uid=460615&resourceID=19191
Newport,Newport,/wiki/Newport_Isle_of_Wight,SZ50118855,https://www.heritagegateway.org.uk/Gateway/Results_Single.aspx?uid=461238&resourceID=19191
Rock,Brighstone,/wiki/Brighstone,SZ42368415,https://www.heritagegateway.org.uk/Gateway/Results_Single.aspx?uid=460425&resourceID=19191
Abbey Farm,Minster,/wiki/Minster-in-Thanet,TR31366463,https://www.heritagegateway.org.uk/Gateway/Results_Single.aspx?uid=469621&resourceID=19191
Ash,New Ash Green,/wiki/New_Ash_Green,TQ60846500,https://www.heritagegateway.org.uk/Gateway/Results_Single.aspx?uid=413256&resourceID=19191
Bax Farm,Teynham,/wiki/Teynham,TQ94806409,https://www.heritagegateway.org.uk/Gateway/Results_Single.aspx?uid=1316061&resourceID=19191
Blean,Blean,/wiki/Blean,TR12866062,https://www.heritagegateway.org.uk/Gateway/Results_Single.aspx?uid=1249608&resourceID=19191
Boxted,Upchurch,/wiki/Upchurch,TQ85386626,https://www.heritagegateway.org.uk/Gateway/Results_Single.aspx?uid=418307&resourceID=19191
Cobham Park,Cobham,/wiki/Cobham_Kent,TQ68326932,https://www.heritagegateway.org.uk/Gateway/Results_Single.aspx?uid=413160&resourceID=19191
Crofton Roman Villa,Orpington,/wiki/Orpington,TQ454658,N/A
Darenth Court,Darenth,/wiki/Darenth,TQ56337064,https://www.heritagegateway.org.uk/Gateway/Results_Single.aspx?uid=410759&resourceID=19191
Dartford,Dartford,/wiki/Dartford,TQ54647345,https://www.heritagegateway.org.uk/Gateway/Results_Single.aspx?uid=411352&resourceID=19191
Eccles,Eccles,/wiki/Eccles_Kent,TQ72106061,https://www.heritagegateway.org.uk/Gateway/Results_Single.aspx?uid=416441&resourceID=19191
Farningham,Farningham,/wiki/Farningham,TQ54496674,https://www.heritagegateway.org.uk/Gateway/Results_Single.aspx?uid=410069&resourceID=19191
Franks,Farningham,/wiki/Farningham,TQ55416742,https://www.heritagegateway.org.uk/Gateway/Results_Single.aspx?uid=409879&resourceID=19191
Faversham,Faversham,/wiki/Faversham,TR02086172,https://www.heritagegateway.org.uk/Gateway/Results_Single.aspx?uid=463687&resourceID=19191
Folkestone,Folkestone,/wiki/Folkestone,TR24083699,https://www.heritagegateway.org.uk/Gateway/Results_Single.aspx?uid=465716&resourceID=19191
Hartlip,Hartlip,/wiki/Hartlip,TQ82876403,https://www.heritagegateway.org.uk/Gateway/Results_Single.aspx?uid=418600&resourceID=19191
Luddenham,Luddenham,/wiki/Luddenham_Kent,TQ976626,https://www.heritagegateway.org.uk/Gateway/Results_Single.aspx?uid=1316075&resourceID=19191
Lullingstone,Lullingstone,/wiki/Lullingstone,TQ53016508,https://www.heritagegateway.org.uk/Gateway/Results_Single.aspx?uid=410045&resourceID=19191
Maidstone,Maidstone,/wiki/Maidstone,TQ75725621,https://www.heritagegateway.org.uk/Gateway/Results_Single.aspx?uid=415105&resourceID=19191
Maidstone,Maidstone,/wiki/Maidstone,TQ76575485,https://www.heritagegateway.org.uk/Gateway/Results_Single.aspx?uid=415680&resourceID=19191
Newbury,Rodmersham,/wiki/Rodmersham,TQ92525982,https://www.heritagegateway.org.uk/Gateway/Results_Single.aspx?uid=1316263&resourceID=19191
Otford,Otford,/wiki/Otford,TQ53625922,https://www.heritagegateway.org.uk/Gateway/Results_Single.aspx?uid=409588&resourceID=19191
Plaxtol,Plaxtol,/wiki/Plaxtol,TQ61485313,https://www.heritagegateway.org.uk/Gateway/Results_Single.aspx?uid=412963&resourceID=19191
Sandwich,Sandwich,/wiki/Sandwich_Kent,TR31905730,https://www.heritagegateway.org.uk/Gateway/Results_Single.aspx?uid=468326&resourceID=19191
Snodland,Snodland,/wiki/Snodland,TQ70756201,https://www.heritagegateway.org.uk/Gateway/Results_Single.aspx?uid=416478&resourceID=19191
Teston,Teston,/wiki/Teston,TQ69885316,https://www.heritagegateway.org.uk/Gateway/Results_Single.aspx?uid=412907&resourceID=19191
Thurnham,Thurnham,/wiki/Thurnham_Kent,TQ79785715,https://www.heritagegateway.org.uk/Gateway/Results_Single.aspx?uid=415057&resourceID=19191
Wilmington,Wilmington,/wiki/Wilmington_Kent,TQ54177299,https://www.heritagegateway.org.uk/Gateway/Results_Single.aspx?uid=410980&resourceID=19191
Wingham,Wingham,/wiki/Wingham_Kent,TR24055724,https://www.heritagegateway.org.uk/Gateway/Results_Single.aspx?uid=466356&resourceID=19191
Bringhurst,Bringhurst,/wiki/Bringhurst,SP844921,https://www.heritagegateway.org.uk/Gateway/Results_Single.aspx?uid=964600&resourceID=19191
Drayton,Drayton,/wiki/Drayton_Leicestershire,SP817918,https://www.heritagegateway.org.uk/Gateway/Results_Single.aspx?uid=964689&resourceID=19191
Claybrooke Magna,Claybrooke Magna,/wiki/Claybrooke_Magna,SP481885,https://www.heritagegateway.org.uk/Gateway/Results_Single.aspx?uid=964656&resourceID=19191
Glooston,Glooston,/wiki/Glooston,SP75279603,https://www.heritagegateway.org.uk/Gateway/Results_Single.aspx?uid=344021&resourceID=19191
Hamilton Grounds,Barkby Thorpe,/wiki/Barkby_Thorpe,SK647076,https://www.heritagegateway.org.uk/Gateway/Results_Single.aspx?uid=319193&resourceID=19191
Lockington,Lockington-Hemington,/wiki/Lockington-Hemington,SK480295,https://www.heritagegateway.org.uk/Gateway/Results_Single.aspx?uid=315175&resourceID=19191
Lowesby,Lowesby,/wiki/Lowesby,SK736068,https://www.heritagegateway.org.uk/Gateway/Results_Single.aspx?uid=964659&resourceID=19191
Medbourne,Medbourne,/wiki/Medbourne,SP79829299,https://www.heritagegateway.org.uk/Gateway/Results_Single.aspx?uid=344073&resourceID=19191
Norfolk Street,Leicester,/wiki/Leicester,SK57530437,https://www.heritagegateway.org.uk/Gateway/Results_Single.aspx?uid=316867&resourceID=19191
Osbaston,Osbaston,/wiki/Osbaston_Leicestershire,SK425038,https://www.heritagegateway.org.uk/Gateway/Results_Single.aspx?uid=964895&resourceID=19191
Ridgeway,Rothley,/wiki/Rothley,SK56901229,https://www.heritagegateway.org.uk/Gateway/Results_Single.aspx?uid=317190&resourceID=19191
Sapcote,Sapcote,/wiki/Sapcote,SP49679312,https://www.heritagegateway.org.uk/Gateway/Results_Single.aspx?uid=338045&resourceID=19191
Stocking Field,Drayton,/wiki/Drayton_Leicestershire,SP83059310,https://www.heritagegateway.org.uk/Gateway/Results_Single.aspx?uid=346249&resourceID=19191
West Langton,West Langton,/wiki/West_Langton,SP71489207,https://www.heritagegateway.org.uk/Gateway/Results_Single.aspx?uid=344132&resourceID=19191
Wycomb,Goadby Marwood,/wiki/Goadby_Marwood,SK782255,https://www.heritagegateway.org.uk/Gateway/Results_Single.aspx?uid=964934&resourceID=19191
Barrs Farm,Hemingby,/wiki/Hemingby,TF24157331,https://www.heritagegateway.org.uk/Gateway/Results_Single.aspx?uid=352988&resourceID=19191
Denton,Denton,/wiki/Denton_Lincolnshire,SK87593094,https://www.heritagegateway.org.uk/Gateway/Results_Single.aspx?uid=323786&resourceID=19191
Glentworth Hall,Glentworth,/wiki/Glentworth_Lincolnshire,SK94378828,https://www.heritagegateway.org.uk/Gateway/Results_Single.aspx?uid=920235&resourceID=19191
Gravel Pit Farm,Kirton in Lindsey,/wiki/Kirton_in_Lindsey,SK939966,https://www.heritagegateway.org.uk/Gateway/Results_Single.aspx?uid=1063122&resourceID=19191
Haceby,Haceby,/wiki/Haceby,TF01953692,https://www.heritagegateway.org.uk/Gateway/Results_Single.aspx?uid=348661&resourceID=19191
Horkstow,Horkstow,/wiki/Horkstow,SE98491914,https://www.heritagegateway.org.uk/Gateway/Results_Single.aspx?uid=63618&resourceID=19191
Kirmond le Mire,Kirmond le Mire,/wiki/Kirmond_le_Mire,TF183930,https://www.heritagegateway.org.uk/Gateway/Results_Single.aspx?uid=893061&resourceID=19191
Mount Pleasant Farm,Kirton in Lindsey,/wiki/Kirton_in_Lindsey,SE93940038,https://www.heritagegateway.org.uk/Gateway/Results_Single.aspx?uid=63566&resourceID=19191
Norton Disney,Norton Disney,/wiki/Norton_Disney,SK85896028,https://www.heritagegateway.org.uk/Gateway/Results_Single.aspx?uid=324486&resourceID=19191
Roxby,Roxby,/wiki/Roxby_Lincolnshire,SE92031697,https://www.heritagegateway.org.uk/Gateway/Results_Single.aspx?uid=63684&resourceID=19191
Scampton,Scampton,/wiki/Scampton,SK95527847,https://www.heritagegateway.org.uk/Gateway/Results_Single.aspx?uid=326410&resourceID=19191
Stainby,Stainby,/wiki/Stainby,SK921222,https://www.heritagegateway.org.uk/Gateway/Results_Single.aspx?uid=325510&resourceID=19191
Stoke Rochford,Stoke Rochford,/wiki/Stoke_Rochford,SK9328,https://www.heritagegateway.org.uk/Gateway/Results_Single.aspx?uid=325445&resourceID=19191
Sudbrooke,Sudbrooke,/wiki/Sudbrooke,TF037765,https://www.heritagegateway.org.uk/Gateway/Results_Single.aspx?uid=1589635&resourceID=19191
Walesby,Walesby,/wiki/Walesby_Lincolnshire,TF14739262,https://www.heritagegateway.org.uk/Gateway/Results_Single.aspx?uid=351895&resourceID=19191
Winterton,Winterton,/wiki/Winterton_Lincolnshire,SE90961799,https://www.heritagegateway.org.uk/Gateway/Results_Single.aspx?uid=63693&resourceID=19191
Bolwick Hall,Bolwick Hall,/wiki/Bolwick_Hall,TG205245,https://www.heritagegateway.org.uk/Gateway/Results_Single.aspx?uid=133102&resourceID=19191
Feltwell,Feltwell,/wiki/Feltwell,TL700921,https://www.heritagegateway.org.uk/Gateway/Results_Single.aspx?uid=380605&resourceID=19191
Feltwell,Feltwell,/wiki/Feltwell,TL715909,https://www.heritagegateway.org.uk/Gateway/Results_Single.aspx?uid=380586&resourceID=19191
Gayton Thorpe,Gayton Thorpe,/wiki/Gayton_Thorpe,TF73541806,https://www.heritagegateway.org.uk/Gateway/Results_Single.aspx?uid=357080&resourceID=19191
Grimston,Grimston,/wiki/Grimston_Norfolk,TF716216,https://www.heritagegateway.org.uk/Gateway/Results_Single.aspx?uid=357416&resourceID=19191
Snettisham,Snettisham,/wiki/Snettisham,TF68953370,https://www.heritagegateway.org.uk/Gateway/Results_Single.aspx?uid=356701&resourceID=19191
Tivetshall,Tivetshall St Mary,/wiki/Tivetshall_St_Mary,TM164843,https://www.heritagegateway.org.uk/Gateway/Results_Single.aspx?uid=389215&resourceID=19191
Weeting,Weeting,/wiki/Weeting,TL77808784,https://www.heritagegateway.org.uk/Gateway/Results_Single.aspx?uid=380213&resourceID=19191
Apethorpe,Apethorpe,/wiki/Apethorpe,TL02639493,https://www.heritagegateway.org.uk/Gateway/Results_Single.aspx?uid=361757&resourceID=19191
Ashley,Ashley,/wiki/Ashley_Northamptonshire,SP79409163,https://www.heritagegateway.org.uk/Gateway/Results_Single.aspx?uid=344086&resourceID=19191
Borough Hill,Daventry,/wiki/Daventry,SP58906321,https://www.heritagegateway.org.uk/Gateway/Results_Single.aspx?uid=339861&resourceID=19191
Brixworth,Brixworth,/wiki/Brixworth,SP74657187,https://www.heritagegateway.org.uk/Gateway/Results_Single.aspx?uid=962749&resourceID=19191
Byfield,Byfield,/wiki/Byfield_Northamptonshire,SP506545,https://www.heritagegateway.org.uk/Gateway/Results_Single.aspx?uid=339748&resourceID=19191
Chipping Warden,Chipping Warden,/wiki/Chipping_Warden,SP51094822,https://www.heritagegateway.org.uk/Gateway/Results_Single.aspx?uid=339306&resourceID=19191
Cosgrove,Cosgrove,/wiki/Cosgrove_Northamptonshire,SP79474212,https://www.heritagegateway.org.uk/Gateway/Results_Single.aspx?uid=343100&resourceID=19191
Cotterstock,Cotterstock,/wiki/Cotterstock,TL03209101,https://www.heritagegateway.org.uk/Gateway/Results_Single.aspx?uid=361745&resourceID=19191
Deanshanger,Deanshanger,/wiki/Deanshanger,SP770396,https://www.heritagegateway.org.uk/Gateway/Results_Single.aspx?uid=342874&resourceID=19191
Fotheringhay,Fotheringhay,/wiki/Fotheringhay,TL07899446,https://www.heritagegateway.org.uk/Gateway/Results_Single.aspx?uid=361593&resourceID=19191
Great Weldon,Weldon,/wiki/Weldon_Northamptonshire,SP92948999,https://www.heritagegateway.org.uk/Gateway/Results_Single.aspx?uid=347512&resourceID=19191
Harpole,Harpole,/wiki/Harpole,SP68385990,https://www.heritagegateway.org.uk/Gateway/Results_Single.aspx?uid=341461&resourceID=19191
Harpole,Harpole,/wiki/Harpole,SP68936209,https://www.heritagegateway.org.uk/Gateway/Results_Single.aspx?uid=341732&resourceID=19191
Meadow Furlong,Stanwick,/wiki/Stanwick_Northamptonshire,SP97147179,https://www.heritagegateway.org.uk/Gateway/Results_Single.aspx?uid=347335&resourceID=19191
Nether Heyford,Nether Heyford,/wiki/Nether_Heyford,SP66675865,https://www.heritagegateway.org.uk/Gateway/Results_Single.aspx?uid=341458&resourceID=19191
North Lodge Farm,Barnwell,/wiki/Barnwell_Northamptonshire,TL07438368,https://www.heritagegateway.org.uk/Gateway/Results_Single.aspx?uid=361159&resourceID=19191
Piddington,Piddington,/wiki/Piddington_Northamptonshire,SP79785414,https://www.heritagegateway.org.uk/Gateway/Results_Single.aspx?uid=343312&resourceID=19191
Quinton,Quinton,/wiki/Quinton_Northamptonshire,SP775535,https://www.heritagegateway.org.uk/Gateway/Results_Single.aspx?uid=343322&resourceID=19191
Ringstead,Ringstead,/wiki/Ringstead_Northamptonshire,SP976748,https://www.heritagegateway.org.uk/Gateway/Results_Single.aspx?uid=347389&resourceID=19191
Stoke Bruerne,Stoke Bruerne,/wiki/Stoke_Bruerne,SP75465003,https://www.heritagegateway.org.uk/Gateway/Results_Single.aspx?uid=343315&resourceID=19191
Thenford,Thenford,/wiki/Thenford,SP52524158,https://www.heritagegateway.org.uk/Gateway/Results_Single.aspx?uid=339407&resourceID=19191
Whitehall Farm,Nether Heyford,/wiki/Nether_Heyford,SP6458,N/A
Whittlebury,Whittlebury,/wiki/Whittlebury,SP73224457,https://www.heritagegateway.org.uk/Gateway/Results_Single.aspx?uid=343177&resourceID=19191
Wollaston,Wollaston,/wiki/Wollaston_Northamptonshire,SP90096499,https://www.heritagegateway.org.uk/Gateway/Results_Single.aspx?uid=347131&resourceID=19191
Wollaston,Wollaston,/wiki/Wollaston_Northamptonshire,SP90326254,https://www.heritagegateway.org.uk/Gateway/Results_Single.aspx?uid=347126&resourceID=19191
Wootton,Hunsbury Hill,/wiki/Hunsbury_Hill,SP737582,https://www.heritagegateway.org.uk/Gateway/Results_Single.aspx?uid=343298&resourceID=19191
Yarwell,Yarwell,/wiki/Yarwell,TL06189914,https://www.heritagegateway.org.uk/Gateway/Results_Single.aspx?uid=361372&resourceID=19191
Yarwell,Yarwell,/wiki/Yarwell,TL06689789,https://www.heritagegateway.org.uk/Gateway/Results_Single.aspx?uid=361340&resourceID=19191
Car Colston,Car Colston,/wiki/Car_Colston,SK71934248,https://www.heritagegateway.org.uk/Gateway/Results_Single.aspx?uid=321937&resourceID=19191
Cromwell,Cromwell,/wiki/Cromwell_Nottinghamshire,SK802625,https://www.heritagegateway.org.uk/Gateway/Results_Single.aspx?uid=324520&resourceID=19191
Glebe Farm,Barton in Fabis,/wiki/Barton_in_Fabis,SK52683166,https://www.heritagegateway.org.uk/Gateway/Results_Single.aspx?uid=317772&resourceID=19191
Northfield,Mansfield Woodhouse,/wiki/Mansfield_Woodhouse,SK52516455,https://www.heritagegateway.org.uk/Gateway/Results_Single.aspx?uid=318221&resourceID=19191
Oldcotes,Oldcotes,/wiki/Oldcotes,SK59098853,https://www.heritagegateway.org.uk/Gateway/Results_Single.aspx?uid=318493&resourceID=19191
Southwell,Southwell,/wiki/Southwell_Nottinghamshire,SK70285378,https://www.heritagegateway.org.uk/Gateway/Results_Single.aspx?uid=322403&resourceID=19191
Wood Meadow,Thurgarton,/wiki/Thurgarton,SK67344945,https://www.heritagegateway.org.uk/Gateway/Results_Single.aspx?uid=319888&resourceID=19191
Asthall,Asthall,/wiki/Asthall,SP30261120,https://www.heritagegateway.org.uk/Gateway/Results_Single.aspx?uid=334805&resourceID=19191
Barton Court Farm,Abingdon,/wiki/Abingdon_Oxfordshire,SU510977,https://www.heritagegateway.org.uk/Gateway/Results_Single.aspx?uid=238005&resourceID=19191
Brize Lodge,Ramsden,/wiki/Ramsden_Oxfordshire,SP33931525,https://www.heritagegateway.org.uk/Gateway/Results_Single.aspx?uid=334723&resourceID=19191
Broughton Castle,Broughton Castle,/wiki/Broughton_Castle,,N/A
Callow Hill,Stonesfield,/wiki/Stonesfield,SP40971943,https://www.heritagegateway.org.uk/Gateway/Results_Single.aspx?uid=336638&resourceID=19191
Ditchend,Little Milton,/wiki/Little_Milton_Oxfordshire,SP62390030,https://www.heritagegateway.org.uk/Gateway/Results_Single.aspx?uid=340827&resourceID=19191
Ditchley,Ditchley,/wiki/Ditchley,SP39932008,https://www.heritagegateway.org.uk/Gateway/Results_Single.aspx?uid=334944&resourceID=19191
Dropshort,Sutton Courtenay,/wiki/Sutton_Courtenay,SU49429389,https://www.heritagegateway.org.uk/Gateway/Results_Single.aspx?uid=234105&resourceID=19191
Elsfield,Elsfield,/wiki/Elsfield,SP54900895,https://www.heritagegateway.org.uk/Gateway/Results_Single.aspx?uid=338425&resourceID=19191
Fawler,Fawler,/wiki/Fawler,SP37171689,https://www.heritagegateway.org.uk/Gateway/Results_Single.aspx?uid=334566&resourceID=19191
Frilford,Frilford,/wiki/Frilford,SU42289726,https://www.heritagegateway.org.uk/Gateway/Results_Single.aspx?uid=234025&resourceID=19191
Garford,Garford,/wiki/Garford,SU43709542,https://www.heritagegateway.org.uk/Gateway/Results_Single.aspx?uid=1516137&resourceID=19191
Gatehampton,Goring-on-Thames,/wiki/Goring-on-Thames,SU60007990,https://www.heritagegateway.org.uk/Gateway/Results_Single.aspx?uid=1401795&resourceID=19191
Great Tew,Great Tew,/wiki/Great_Tew,SP40502748,https://www.heritagegateway.org.uk/Gateway/Results_Single.aspx?uid=336845&resourceID=19191
Hanwell,Hanwell,/wiki/Hanwell_Oxfordshire,SP42864373,https://www.heritagegateway.org.uk/Gateway/Results_Single.aspx?uid=337244&resourceID=19191
Harpsden,Harpsden,/wiki/Harpsden,SU75658047,https://www.heritagegateway.org.uk/Gateway/Results_Single.aspx?uid=245276&resourceID=19191
Islip,Islip,/wiki/Islip_Oxfordshire,SP53251342,https://www.heritagegateway.org.uk/Gateway/Results_Single.aspx?uid=338766&resourceID=19191
North Leigh,North Leigh,/wiki/North_Leigh,SP39701541,https://www.heritagegateway.org.uk/Gateway/Results_Single.aspx?uid=334573&resourceID=19191
Oaklands Farm,Fawler,/wiki/Fawler,SP37931667,https://www.heritagegateway.org.uk/Gateway/Results_Single.aspx?uid=334563&resourceID=19191
Shakenoak,North Leigh,/wiki/North_Leigh,SP374138,https://www.heritagegateway.org.uk/Gateway/Results_Single.aspx?uid=334742&resourceID=19191
Stanford in the Vale,Stanford in the Vale,/wiki/Stanford_in_the_Vale,SU32499510,https://www.heritagegateway.org.uk/Gateway/Results_Single.aspx?uid=662144&resourceID=19191
Stonesfield,Stonesfield,/wiki/Stonesfield,SP40031706,https://www.heritagegateway.org.uk/Gateway/Results_Single.aspx?uid=336649&resourceID=19191
West Challow,West Challow,/wiki/West_Challow,SU37578789,https://www.heritagegateway.org.uk/Gateway/Results_Single.aspx?uid=229123&resourceID=19191
Wheatley,Wheatley,/wiki/Wheatley_Oxfordshire,SP60580441,https://www.heritagegateway.org.uk/Gateway/Results_Single.aspx?uid=340823&resourceID=19191
Wigginton,Wigginton,/wiki/Wigginton_Oxfordshire,SP39363356,https://www.heritagegateway.org.uk/Gateway/Results_Single.aspx?uid=335107&resourceID=19191
Widford,Widford,/wiki/Widford_Oxfordshire,SP27791185,https://www.heritagegateway.org.uk/Gateway/Results_Single.aspx?uid=332368&resourceID=19191
Woolstone,Woolstone,/wiki/Woolstone_Oxfordshire,SU29048777,https://www.heritagegateway.org.uk/Gateway/Results_Single.aspx?uid=225384&resourceID=19191
Empingham,Empingham,/wiki/Empingham,SK94280765,https://www.heritagegateway.org.uk/Gateway/Results_Single.aspx?uid=325179&resourceID=19191
Great Casterton,Great Casterton,/wiki/Great_Casterton,TF00640955,https://www.heritagegateway.org.uk/Gateway/Results_Single.aspx?uid=347942&resourceID=19191
'Rutland',Ketton,/wiki/Ketton,SK9667303053,N/A
Thistleton,Thistleton,/wiki/Thistleton,SK90951717,https://www.heritagegateway.org.uk/Gateway/Results_Single.aspx?uid=325314&resourceID=19191
Tixover,Tixover,/wiki/Tixover,SK98150188,https://www.heritagegateway.org.uk/Gateway/Results_Single.aspx?uid=325200&resourceID=19191
Acton Scott,Acton Scott,/wiki/Acton_Scott,SO45808977,https://www.heritagegateway.org.uk/Gateway/Results_Single.aspx?uid=108871&resourceID=19191
Ashford Carbonell,Ashford Carbonell,/wiki/Ashford_Carbonell,SO53136932,https://www.heritagegateway.org.uk/Gateway/Results_Single.aspx?uid=912155&resourceID=19191
Cruckton,Cruckton,/wiki/Cruckton,SJ43211017,https://www.heritagegateway.org.uk/Gateway/Results_Single.aspx?uid=68458&resourceID=19191
Lea,Shorthill,/wiki/Shorthill_Shropshire,SJ41760848,https://www.heritagegateway.org.uk/Gateway/Results_Single.aspx?uid=67687&resourceID=19191
Whitley Grange,Bayston Hill,/wiki/Bayston_Hill,SJ45700963,https://www.heritagegateway.org.uk/Gateway/Results_Single.aspx?uid=67621&resourceID=19191
Yarchester,Harley,/wiki/Harley_Shropshire,SJ60650091,https://www.heritagegateway.org.uk/Gateway/Results_Single.aspx?uid=72091&resourceID=19191
Banwell,Banwell,/wiki/Banwell,ST39825927,https://www.heritagegateway.org.uk/Gateway/Results_Single.aspx?uid=192470&resourceID=19191
Birdcombe,Wraxall,/wiki/Wraxall_Somerset,ST47877158,https://www.heritagegateway.org.uk/Gateway/Results_Single.aspx?uid=195364&resourceID=19191
Blacklands,Laverton,/wiki/Laverton_Somerset,ST765541,https://www.heritagegateway.org.uk/Gateway/Results_Single.aspx?uid=203138&resourceID=19191
Bratton Seymour,Bratton Seymour,/wiki/Bratton_Seymour,ST66702990,https://www.heritagegateway.org.uk/Gateway/Results_Single.aspx?uid=199624&resourceID=19191
Burnett,Burnett,/wiki/Burnett_Somerset,ST66506454,https://www.heritagegateway.org.uk/Gateway/Results_Single.aspx?uid=201090&resourceID=19191
Chew Magna,Chew Magna,/wiki/Chew_Magna,ST588610,https://www.heritagegateway.org.uk/Gateway/Results_Single.aspx?uid=198033&resourceID=19191
Chew Park,Chew Valley Lake,/wiki/Chew_Valley_Lake,ST56885934,https://www.heritagegateway.org.uk/Gateway/Results_Single.aspx?uid=197267&resourceID=19191
East Coker,East Coker,/wiki/East_Coker,ST54601377,https://www.heritagegateway.org.uk/Gateway/Results_Single.aspx?uid=196215&resourceID=19191
Combe,Combe Down,/wiki/Combe_Down,ST76146219,https://www.heritagegateway.org.uk/Gateway/Results_Single.aspx?uid=204067&resourceID=19191
Compton Dundon,Compton Dundon,/wiki/Compton_Dundon,ST49163104,https://www.heritagegateway.org.uk/Gateway/Results_Single.aspx?uid=194010&resourceID=19191
Dinnington,Dinnington,/wiki/Dinnington_Somerset,ST404135,https://www.heritagegateway.org.uk/Gateway/Results_Single.aspx?uid=193485&resourceID=19191
Ham Hill,Ham Hill Hillfort,/wiki/Ham_Hill_Hillfort,ST48831649,https://www.heritagegateway.org.uk/Gateway/Results_Single.aspx?uid=193155&resourceID=19191
High Ham,High Ham,/wiki/High_Ham,ST42182952,https://www.heritagegateway.org.uk/Gateway/Results_Single.aspx?uid=193634&resourceID=19191
Hurcot,Hurcott,/wiki/Hurcott_Farm,ST51132972,https://www.heritagegateway.org.uk/Gateway/Results_Single.aspx?uid=196343&resourceID=19191
Iford,Farleigh Hungerford,/wiki/Farleigh_Hungerford,ST79735830,https://www.heritagegateway.org.uk/Gateway/Results_Single.aspx?uid=202980&resourceID=19191
Ilchester,Ilchester,/wiki/Ilchester,ST51222213,https://www.heritagegateway.org.uk/Gateway/Results_Single.aspx?uid=196528&resourceID=19191
Keynsham Cemetery,Keynsham,/wiki/Keynsham,ST64516925,https://www.heritagegateway.org.uk/Gateway/Results_Single.aspx?uid=201036&resourceID=19191
Lopen,Lopen,/wiki/Lopen,ST427139,https://www.heritagegateway.org.uk/Gateway/Results_Single.aspx?uid=1391028&resourceID=19191
Low Ham,Low Ham,/wiki/Low_Ham,ST43552884,https://www.heritagegateway.org.uk/Gateway/Results_Single.aspx?uid=193640&resourceID=19191
Lufton,Lufton,/wiki/Lufton,ST51511784,https://www.heritagegateway.org.uk/Gateway/Results_Single.aspx?uid=196068&resourceID=19191
Mells Park,Leigh-on-Mendip,/wiki/Leigh-on-Mendip,ST703475,https://www.heritagegateway.org.uk/Gateway/Results_Single.aspx?uid=202840&resourceID=19191
Newton St Loe,Newton St Loe,/wiki/Newton_St_Loe,ST71206553,https://www.heritagegateway.org.uk/Gateway/Results_Single.aspx?uid=203682&resourceID=19191
Paulton,Paulton,/wiki/Paulton,ST67125674,https://www.heritagegateway.org.uk/Gateway/Results_Single.aspx?uid=200482&resourceID=19191
Pitney,Pitney,/wiki/Pitney,ST45053006,https://www.heritagegateway.org.uk/Gateway/Results_Single.aspx?uid=194019&resourceID=19191
Priddy,Priddy,/wiki/Priddy,ST53095146,https://www.heritagegateway.org.uk/Gateway/Results_Single.aspx?uid=197734&resourceID=19191
Shapwick,Shapwick,/wiki/Shapwick_Somerset,ST42473948,https://www.heritagegateway.org.uk/Gateway/Results_Single.aspx?uid=1267212&resourceID=19191
Somerdale,Keynsham,/wiki/Keynsham,ST65636894,https://www.heritagegateway.org.uk/Gateway/Results_Single.aspx?uid=200916&resourceID=19191
Somerton,Somerton,/wiki/Somerton_Somerset,ST49712904,https://www.heritagegateway.org.uk/Gateway/Results_Single.aspx?uid=193535&resourceID=19191
Wadeford,Wadeford,/wiki/Wadeford,ST30881049,https://www.heritagegateway.org.uk/Gateway/Results_Single.aspx?uid=191803&resourceID=19191
Wellow,Wellow,/wiki/Wellow_Somerset,ST72805799,https://www.heritagegateway.org.uk/Gateway/Results_Single.aspx?uid=203043&resourceID=19191
Wemberham,Yatton,/wiki/Yatton,ST40526522,https://www.heritagegateway.org.uk/Gateway/Results_Single.aspx?uid=194992&resourceID=19191
Westland,Yeovil,/wiki/Yeovil,ST54881570,https://www.heritagegateway.org.uk/Gateway/Results_Single.aspx?uid=196095&resourceID=19191
West Coker,West Coker,/wiki/West_Coker,ST528138,https://www.heritagegateway.org.uk/Gateway/Results_Single.aspx?uid=196297&resourceID=19191
Whatley,Whatley,/wiki/Whatley_Mendip,ST74424699,https://www.heritagegateway.org.uk/Gateway/Results_Single.aspx?uid=202781&resourceID=19191
Whitestaunton,Whitestaunton,/wiki/Whitestaunton,ST28021058,https://www.heritagegateway.org.uk/Gateway/Results_Single.aspx?uid=190400&resourceID=19191
Wincanton,Wincanton,/wiki/Wincanton,ST70212819,https://www.heritagegateway.org.uk/Gateway/Results_Single.aspx?uid=202365&resourceID=19191
Acton Trussell,Acton Trussell,/wiki/Acton_Trussell,SJ937175,https://www.heritagegateway.org.uk/Gateway/Results_Single.aspx?uid=77144&resourceID=19191
Hales,Hales,/wiki/Hales_Staffordshire,SJ72223371,https://www.heritagegateway.org.uk/Gateway/Results_Single.aspx?uid=74380&resourceID=19191
Shenstone,Shenstone,/wiki/Shenstone_Staffordshire,SK11030544,https://www.heritagegateway.org.uk/Gateway/Results_Single.aspx?uid=306513&resourceID=19191
Engleton,Brewood,/wiki/Brewood,SJ89451023,https://www.heritagegateway.org.uk/Gateway/Results_Single.aspx?uid=75403&resourceID=19191
Castle Hill,Castle HillIpswich,/wiki/Castle_Hill_Ipswich_Suffolk,TM14744660,https://www.heritagegateway.org.uk/Gateway/Results_Single.aspx?uid=388170&resourceID=19191
Exning,Exning,/wiki/Exning,TL61216759,https://www.heritagegateway.org.uk/Gateway/Results_Single.aspx?uid=377367&resourceID=19191
Farnham,Farnham,/wiki/Farnham_Suffolk,TM37125836,https://www.heritagegateway.org.uk/Gateway/Results_Single.aspx?uid=391328&resourceID=19191
Horselands,Icklingham,/wiki/Icklingham,TL78067204,https://www.heritagegateway.org.uk/Gateway/Results_Single.aspx?uid=379957&resourceID=19191
Lidgate,Lidgate,/wiki/Lidgate,TL73195715,https://www.heritagegateway.org.uk/Gateway/Results_Single.aspx?uid=379484&resourceID=19191
Pakenham,Pakenham,/wiki/Pakenham_Suffolk,TL90126950,https://www.heritagegateway.org.uk/Gateway/Results_Single.aspx?uid=385187&resourceID=19191
Stanton Chare,Stanton,/wiki/Stanton_Suffolk,TL955742,https://www.heritagegateway.org.uk/Gateway/Results_Single.aspx?uid=385417&resourceID=19191
Stonham Aspal,Stonham Aspal,/wiki/Stonham_Aspal,TM13095944,https://www.heritagegateway.org.uk/Gateway/Results_Single.aspx?uid=388631&resourceID=19191
Abinger,Abinger,/wiki/Abinger,TQ10644746,https://www.heritagegateway.org.uk/Gateway/Results_Single.aspx?uid=396943&resourceID=19191
Ashtead,Ashtead,/wiki/Ashtead,TQ17756017,https://www.heritagegateway.org.uk/Gateway/Results_Single.aspx?uid=397707&resourceID=19191
Banstead,Banstead,/wiki/Banstead,TQ22395567,https://www.heritagegateway.org.uk/Gateway/Results_Single.aspx?uid=400125&resourceID=19191
Binscombe,Farncombe,/wiki/Farncombe,SU970460,https://www.heritagegateway.org.uk/Gateway/Results_Single.aspx?uid=968706&resourceID=19191
Chiddingfold,Chiddingfold,/wiki/Chiddingfold,SU97843610,https://www.heritagegateway.org.uk/Gateway/Results_Single.aspx?uid=249940&resourceID=19191
Compton,Compton,/wiki/Compton_Guildford,SU95734798,https://www.heritagegateway.org.uk/Gateway/Results_Single.aspx?uid=250238&resourceID=19191
Rapsley,Ewhurst,/wiki/Ewhurst_Surrey,TQ08034152,https://www.heritagegateway.org.uk/Gateway/Results_Single.aspx?uid=393954&resourceID=19191
Titsey Park,Titsey Place,/wiki/Titsey_Place,TQ40485457,https://www.heritagegateway.org.uk/Gateway/Results_Single.aspx?uid=407426&resourceID=19191
Walton Heath,Walton Heath,/wiki/Walton_Heath,TQ23165365,https://www.heritagegateway.org.uk/Gateway/Results_Single.aspx?uid=400396&resourceID=19191
Worplesdon,Worplesdon,/wiki/Worplesdon,SU96895107,https://www.heritagegateway.org.uk/Gateway/Results_Single.aspx?uid=250813&resourceID=19191
Barcombe,Barcombe,/wiki/Barcombe,TQ417142,https://www.heritagegateway.org.uk/Gateway/Results_Single.aspx?uid=618719&resourceID=19191
Eastbourne,Eastbourne,/wiki/Eastbourne,TV618990,https://www.heritagegateway.org.uk/Gateway/Results_Single.aspx?uid=470246&resourceID=19191
Hartfield,Hartfield,/wiki/Hartfield,TQ44373195,https://www.heritagegateway.org.uk/Gateway/Results_Single.aspx?uid=407127&resourceID=19191
Plumpton,Plumpton,/wiki/Plumpton_East_Sussex,TQ360147,https://www.heritagegateway.org.uk/Gateway/Results_Single.aspx?uid=974745&resourceID=19191
Preston Court,Beddingham,/wiki/Beddingham,TQ45870734,https://www.heritagegateway.org.uk/Gateway/Results_Single.aspx?uid=973183&resourceID=19191
Preston Park,Preston Park Brighton,/wiki/Preston_Park_Brighton,TQ30910572,https://www.heritagegateway.org.uk/Gateway/Results_Single.aspx?uid=401953&resourceID=19191
Angmering,Angmering,/wiki/Angmering,TQ05310451,https://www.heritagegateway.org.uk/Gateway/Results_Single.aspx?uid=392756&resourceID=19191
Arundel,Arundel,/wiki/Arundel,TQ01540692,https://www.heritagegateway.org.uk/Gateway/Results_Single.aspx?uid=392697&resourceID=19191
Batten Hanger,Elsted and Treyford,/wiki/Elsted_and_Treyford,SU81801533,https://www.heritagegateway.org.uk/Gateway/Results_Single.aspx?uid=246266&resourceID=19191
Bignor,Bignor,/wiki/Bignor,SU98841469,https://www.heritagegateway.org.uk/Gateway/Results_Single.aspx?uid=249475&resourceID=19191
Borough Farm,Pulborough,/wiki/Pulborough,TQ06882009,https://www.heritagegateway.org.uk/Gateway/Results_Single.aspx?uid=393391&resourceID=19191
Chilgrove,Chilgrove,/wiki/Chilgrove,SU83441244,https://www.heritagegateway.org.uk/Gateway/Results_Single.aspx?uid=246688&resourceID=19191
Chilgrove,Chilgrove,/wiki/Chilgrove,SU84121362,https://www.heritagegateway.org.uk/Gateway/Results_Single.aspx?uid=246691&resourceID=19191
Fishbourne,Fishbourne,/wiki/Fishbourne_West_Sussex,SU83940479,https://www.heritagegateway.org.uk/Gateway/Results_Single.aspx?uid=245943&resourceID=19191
Hurstpierpoint,Hurstpierpoint,/wiki/Hurstpierpoint,TQ28091505,https://www.heritagegateway.org.uk/Gateway/Results_Single.aspx?uid=398970&resourceID=19191
Littlehampton,Littlehampton,/wiki/Littlehampton,TQ03960266,https://www.heritagegateway.org.uk/Gateway/Results_Single.aspx?uid=392824&resourceID=19191
Northbrook College,Worthing,/wiki/Worthing,TQ105038,https://www.heritagegateway.org.uk/Gateway/Results_Single.aspx?uid=762877&resourceID=19191
Pitlands Farm,Up Marden,/wiki/Up_Marden,SU797124,https://www.heritagegateway.org.uk/Gateway/Results_Single.aspx?uid=242752&resourceID=19191
Sidlesham,Sidlesham,/wiki/Sidlesham,SZ85479702,https://www.heritagegateway.org.uk/Gateway/Results_Single.aspx?uid=462211&resourceID=19191
Southwick,Southwick,/wiki/Southwick_West_Sussex,TQ24460565,https://www.heritagegateway.org.uk/Gateway/Results_Single.aspx?uid=398675&resourceID=19191
Walberton,Walberton,/wiki/Walberton,SU978056,N/A
West Marden,West Marden,/wiki/West_Marden,SU77341264,https://www.heritagegateway.org.uk/Gateway/Results_Single.aspx?uid=242738&resourceID=19191
Wiggonholt,Wiggonholt,/wiki/Wiggonholt,TQ06471756,https://www.heritagegateway.org.uk/Gateway/Results_Single.aspx?uid=392908&resourceID=19191
Radford Semele,Radford Semele,/wiki/Radford_Semele,SP34256245,https://www.heritagegateway.org.uk/Gateway/Results_Single.aspx?uid=335629&resourceID=19191
Snowford Bridge,Long Itchington,/wiki/Long_Itchington,SP39646685,https://www.heritagegateway.org.uk/Gateway/Results_Single.aspx?uid=335483&resourceID=19191
Allington,Allington,/wiki/Allington_Salisbury,SU20693833,https://www.heritagegateway.org.uk/Gateway/Results_Single.aspx?uid=223270&resourceID=19191
Atworth,Atworth,/wiki/Atworth,ST85556640,https://www.heritagegateway.org.uk/Gateway/Results_Single.aspx?uid=207925&resourceID=19191
Bedwyn,Bedwyn,/wiki/Bedwyn,SU28356295,https://www.heritagegateway.org.uk/Gateway/Results_Single.aspx?uid=224845&resourceID=19191
Box,Box,/wiki/Box_Wiltshire,ST82326854,https://www.heritagegateway.org.uk/Gateway/Results_Single.aspx?uid=207955&resourceID=19191
Bradford on Avon,Bradford on Avon,/wiki/Bradford_on_Avon,ST81756135,https://www.heritagegateway.org.uk/Gateway/Results_Single.aspx?uid=867326&resourceID=19191
Brixton Deverill,Brixton Deverill,/wiki/Brixton_Deverill,ST86183884,N/A
Bromham,Bromham,/wiki/Bromham_Wiltshire,ST97086620,https://www.heritagegateway.org.uk/Gateway/Results_Single.aspx?uid=211997&resourceID=19191
Browns Farm,Marlborough,/wiki/Marlborough_Wiltshire,SU19296785,https://www.heritagegateway.org.uk/Gateway/Results_Single.aspx?uid=969756&resourceID=19191
Chiseldon,Chiseldon,/wiki/Chiseldon,SU19428095,https://www.heritagegateway.org.uk/Gateway/Results_Single.aspx?uid=222007&resourceID=19191
Colerne,Colerne,/wiki/Colerne,ST811718,https://www.heritagegateway.org.uk/Gateway/Results_Single.aspx?uid=208491&resourceID=19191
Downton,Downton,/wiki/Downton_Wiltshire,SU18142106,https://www.heritagegateway.org.uk/Gateway/Results_Single.aspx?uid=217913&resourceID=19191
Grimstead,East Grimstead,/wiki/East_Grimstead,SU23372748,https://www.heritagegateway.org.uk/Gateway/Results_Single.aspx?uid=223061&resourceID=19191
Hazelbury,Box,/wiki/Box_Wiltshire,ST837681,https://www.heritagegateway.org.uk/Gateway/Results_Single.aspx?uid=207977&resourceID=19191
Hannington,Hannington,/wiki/Hannington_Wiltshire,SU18099585,https://www.heritagegateway.org.uk/Gateway/Results_Single.aspx?uid=222138&resourceID=19191
Lay Wood,Devizes,/wiki/Devizes,SU028629,N/A
Littlecote,Littlecote Park,/wiki/Littlecote_House,SU30017055,https://www.heritagegateway.org.uk/Gateway/Results_Single.aspx?uid=229119&resourceID=19191
Manningford Bruce,Manningford,/wiki/Manningford,SU14025805,https://www.heritagegateway.org.uk/Gateway/Results_Single.aspx?uid=220193&resourceID=19191
Netheravon,Netheravon,/wiki/Netheravon,SU14764815,https://www.heritagegateway.org.uk/Gateway/Results_Single.aspx?uid=218930&resourceID=19191
Nuthills Farm,Sandy Lane,/wiki/Sandy_Lane_Wiltshire,ST96936832,https://www.heritagegateway.org.uk/Gateway/Results_Single.aspx?uid=212025&resourceID=19191
Pit Meads,Sutton Veny,/wiki/Sutton_Veny,ST900433,https://www.heritagegateway.org.uk/Gateway/Results_Single.aspx?uid=211416&resourceID=19191
Rudge,Froxfield,/wiki/Froxfield,SU27996960,https://www.heritagegateway.org.uk/Gateway/Results_Single.aspx?uid=224670&resourceID=19191
Sherston,Sherston,/wiki/Sherston_Wiltshire,ST85558670,https://www.heritagegateway.org.uk/Gateway/Results_Single.aspx?uid=867348&resourceID=19191
Stanton Fitzwarren,Stanton Fitzwarren,/wiki/Stanton_Fitzwarren,SU17329020,https://www.heritagegateway.org.uk/Gateway/Results_Single.aspx?uid=222169&resourceID=19191
Stanton Park,Stanton St Quintin,/wiki/Stanton_St_Quintin,ST89607962,https://www.heritagegateway.org.uk/Gateway/Results_Single.aspx?uid=208219&resourceID=19191
Starveall Farm,Bishopstone,/wiki/Bishopstone_Swindon,SU25928158,https://www.heritagegateway.org.uk/Gateway/Results_Single.aspx?uid=225577&resourceID=19191
Tockenham,Tockenham,/wiki/Tockenham,SU03887971,https://www.heritagegateway.org.uk/Gateway/Results_Single.aspx?uid=887838&resourceID=19191
Truckle Hill,Ford,/wiki/Ford_North_Wiltshire,ST83687609,https://www.heritagegateway.org.uk/Gateway/Results_Single.aspx?uid=208315&resourceID=19191
West Dean,West Dean,/wiki/West_Dean_Wiltshire,SU25792710,https://www.heritagegateway.org.uk/Gateway/Results_Single.aspx?uid=222998&resourceID=19191
Bays Meadow,Droitwich Spa,/wiki/Droitwich_Spa,SO897638,https://www.heritagegateway.org.uk/Gateway/Results_Single.aspx?uid=116308&resourceID=19191
Brantingham,Brantingham,/wiki/Brantingham,SE93152880,https://www.heritagegateway.org.uk/Gateway/Results_Single.aspx?uid=63917&resourceID=19191
Grindale,Grindale,/wiki/Grindale,TA13457122,https://www.heritagegateway.org.uk/Gateway/Results_Single.aspx?uid=81350&resourceID=19191
Harpham,Harpham,/wiki/Harpham,TA08996360,https://www.heritagegateway.org.uk/Gateway/Results_Single.aspx?uid=79578&resourceID=19191
Rudston,Rudston,/wiki/Rudston,TA08946671,https://www.heritagegateway.org.uk/Gateway/Results_Single.aspx?uid=79473&resourceID=19191
South Newbald,South Newbald,/wiki/South_Newbald,SE90453610,https://www.heritagegateway.org.uk/Gateway/Results_Single.aspx?uid=64117&resourceID=19191
Aiskew,Aiskew,/wiki/Aiskew,SE2789,N/A
Beadlam,Beadlam,/wiki/Beadlam,SE63428412,https://www.heritagegateway.org.uk/Gateway/Results_Single.aspx?uid=58835&resourceID=19191
Castle Dikes,North Stainley,/wiki/North_Stainley,SE29137559,https://www.heritagegateway.org.uk/Gateway/Results_Single.aspx?uid=52079&resourceID=19191
Chapel House Farm,Dalton on Tees,/wiki/Dalton_on_Tees,NZ30080822,https://www.heritagegateway.org.uk/Gateway/Results_Single.aspx?uid=1230878&resourceID=19191
Hovingham,Hovingham,/wiki/Hovingham,SE66237569,https://www.heritagegateway.org.uk/Gateway/Results_Single.aspx?uid=58446&resourceID=19191
Kirk Sink,Gargrave,/wiki/Gargrave,SD93955351,https://www.heritagegateway.org.uk/Gateway/Results_Single.aspx?uid=46569&resourceID=19191
Langton,Langton,/wiki/Langton_North_Yorkshire,SE81646750,https://www.heritagegateway.org.uk/Gateway/Results_Single.aspx?uid=61982&resourceID=19191
Middleham,Middleham,/wiki/Middleham,SE13468722,https://www.heritagegateway.org.uk/Gateway/Results_Single.aspx?uid=50870&resourceID=19191
Piercebridge,Manfield,/wiki/Manfield,NZ221152,https://www.heritagegateway.org.uk/Gateway/Results_Single.aspx?uid=23732&resourceID=19191
Pond Head Farm,Oulston,/wiki/Oulston,SE5674,https://www.heritagegateway.org.uk/Gateway/Results_Single.aspx?uid=56890&resourceID=19191
Quarry Farm,Ingleby Barwick,/wiki/Ingleby_Barwick,NZ437150,https://www.heritagegateway.org.uk/Gateway/Results_Single.aspx?uid=1314853&resourceID=19191
Street House,Loftus,/wiki/Loftus_North_Yorkshire,NZ7419,N/A
Tadcaster,Kirkby Wharfe,/wiki/Kirkby_Wharfe,SE50564094,https://www.heritagegateway.org.uk/Gateway/Results_Single.aspx?uid=56512&resourceID=19191
Well,Well,/wiki/Well_North_Yorkshire,SE26498182,https://www.heritagegateway.org.uk/Gateway/Results_Single.aspx?uid=52235&resourceID=19191
Wharram Grange,Wharram le Street,/wiki/Wharram_le_Street,SE847656,https://www.heritagegateway.org.uk/Gateway/Results_Single.aspx?uid=1143533&resourceID=19191
Wharram le Street,Wharram le Street,/wiki/Wharram_le_Street,SE868662,https://www.heritagegateway.org.uk/Gateway/Results_Single.aspx?uid=1315010&resourceID=19191
Stancil,Wadworth,/wiki/Wadworth,SK60979604,https://www.heritagegateway.org.uk/Gateway/Results_Single.aspx?uid=320822&resourceID=19191
Dalton Parlours,Collingham,/wiki/Collingham_West_Yorkshire,SE40274453,https://www.heritagegateway.org.uk/Gateway/Results_Single.aspx?uid=54988&resourceID=19191
