Villa Name,Wiki Link Text,Wiki Link,Grid Reference,Link,latitude,longitude
Colworth,Colworth House,/wiki/Colworth_House,SP971603,https://www.heritagegateway.org.uk/Gateway/Results_Single.aspx?uid=346800&resourceID=19191,52.232347927075466,-0.5794177689823833
Totternhoe,Totternhoe,/wiki/Totternhoe,SP98932080,https://www.heritagegateway.org.uk/Gateway/Results_Single.aspx?uid=346563&resourceID=19191,51.877005954372805,-0.5640506705737869
Aldermaston Wharf,Aldermaston Wharf,/wiki/Aldermaston_Wharf,SU605681,https://www.heritagegateway.org.uk/Gateway/Results_Single.aspx?uid=240982&resourceID=19191,51.40870845796113,-1.1314950542189088
Basildon,Lower Basildon,/wiki/Lower_Basildon,SU60797929,https://www.heritagegateway.org.uk/Gateway/Results_Single.aspx?uid=241288&resourceID=19191,51.50928098277029,-1.1254048524666487
Birch Farm,Marlston,/wiki/Marlston,SU529738,https://www.heritagegateway.org.uk/Gateway/Results_Single.aspx?uid=237393&resourceID=19191,51.46071425685992,-1.239920511162463
Cox Green,Cox Green,/wiki/Cox_Green_Berkshire,SU86877979,https://www.heritagegateway.org.uk/Gateway/Results_Single.aspx?uid=247961&resourceID=19191,51.51037345755036,-0.749471908809205
Eling Farm,Yattendon,/wiki/Yattendon,SU53237523,https://www.heritagegateway.org.uk/Gateway/Results_Single.aspx?uid=237286&resourceID=19191,51.473540103899566,-1.234955408185117
Kintbury,Kintbury,/wiki/Kintbury,SU39416715,https://www.heritagegateway.org.uk/Gateway/Results_Single.aspx?uid=228668&resourceID=19191,51.40202057083811,-1.4348398655612067
Maddle Farm,Upper Lambourn,/wiki/Upper_Lambourn,SU301828,https://www.heritagegateway.org.uk/Gateway/Results_Single.aspx?uid=229360&resourceID=19191,51.54330222722977,-1.567349684409034
Maidenhatch,Pangbourne,/wiki/Pangbourne,SU61757378,https://www.heritagegateway.org.uk/Gateway/Results_Single.aspx?uid=241612&resourceID=19191,51.459639936784704,-1.1125333245466502
Maidenhead,Maidenhead,/wiki/Maidenhead,SU88068110,https://www.heritagegateway.org.uk/Gateway/Results_Single.aspx?uid=248410&resourceID=19191,51.52196539064059,-0.7319955374203215
Well House Farm,Hermitage,/wiki/Hermitage_Berkshire,SU52347258,https://www.heritagegateway.org.uk/Gateway/Results_Single.aspx?uid=237389&resourceID=19191,51.44979748051596,-1.2481615774060562
Bancroft,Milton Keynes(StantonburyCP),/wiki/Milton_Keynes,SP82714036,https://www.heritagegateway.org.uk/Gateway/Results_Single.aspx?uid=345174&resourceID=19191,52.05546433101605,-0.7950008737950199
Foxcote,Foscott,/wiki/Foscott_Buckinghamshire,SP72233530,https://www.heritagegateway.org.uk/Gateway/Results_Single.aspx?uid=342930&resourceID=19191,52.01144235333488,-0.9489283026043541
Hambleden,Hambleden,/wiki/Hambleden,SU78398554,https://www.heritagegateway.org.uk/Gateway/Results_Single.aspx?uid=245181&resourceID=19191,51.56330242642052,-0.8704002841922645
Hambleden,Hambleden,/wiki/Hambleden,SU78638483,https://www.heritagegateway.org.uk/Gateway/Results_Single.aspx?uid=245271&resourceID=19191,51.55688643995318,-0.8670962805161074
High Wycombe,High Wycombe,/wiki/High_Wycombe,SU87409239,https://www.heritagegateway.org.uk/Gateway/Results_Single.aspx?uid=248726&resourceID=19191,51.62355557380754,-0.7387030035343087
Latimer,Latimer,/wiki/Latimer_Buckinghamshire,SU99779852,https://www.heritagegateway.org.uk/Gateway/Results_Single.aspx?uid=251990&resourceID=19191,51.676599916326175,-0.5582454820365369
Lavendon,Lavendon,/wiki/Lavendon,SP90895409,https://www.heritagegateway.org.uk/Gateway/Results_Single.aspx?uid=346970&resourceID=19191,52.17759145673135,-0.6720255587328442
Mursley,Mursley,/wiki/Mursley,SP83263038,https://www.heritagegateway.org.uk/Gateway/Results_Single.aspx?uid=344806&resourceID=19191,51.96567520013453,-0.7894024064458939
Saunderton,Saunderton,/wiki/Saunderton,SP79710190,https://www.heritagegateway.org.uk/Gateway/Results_Single.aspx?uid=342603&resourceID=19191,51.7101848936739,-0.847633994024418
Stanton Low,Milton Keynes(StantonburyCP),/wiki/Milton_Keynes,SP841430,https://www.heritagegateway.org.uk/Gateway/Results_Single.aspx?uid=345100&resourceID=19191,52.07898513390677,-0.7740767551010526
Thornton,Thornton,/wiki/Thornton_Buckinghamshire,SP75653672,https://www.heritagegateway.org.uk/Gateway/Results_Single.aspx?uid=342881&resourceID=19191,52.023751829679966,-0.8987816694852018
Barnack,Barnack,/wiki/Barnack,TF08030663,https://www.heritagegateway.org.uk/Gateway/Results_Single.aspx?uid=347802&resourceID=19191,52.64666211085664,-0.4043759831902194
Bartlow,Bartlow,/wiki/Bartlow,TL58724499,https://www.heritagegateway.org.uk/Gateway/Results_Single.aspx?uid=374140&resourceID=19191,52.08052060335851,0.31579849280460615
Castor,Castor,/wiki/Castor_Cambridgeshire,TL12609725,https://www.heritagegateway.org.uk/Gateway/Results_Single.aspx?uid=364439&resourceID=19191,52.561445311103846,-0.34000883046621083
Comberton,Comberton,/wiki/Comberton,TL38455489,https://www.heritagegateway.org.uk/Gateway/Results_Single.aspx?uid=368941&resourceID=19191,52.17490668626051,0.02391144249007386
Croydon,Croydon,/wiki/Croydon_Cambridgeshire,TL324483,https://www.heritagegateway.org.uk/Gateway/Results_Single.aspx?uid=368572&resourceID=19191,52.117176779385986,-0.06715678452685989
Fordham,Fordham,/wiki/Fordham_Cambridgeshire,TL635684,https://www.heritagegateway.org.uk/Gateway/Results_Single.aspx?uid=377396&resourceID=19191,52.28941312758743,0.39687827424064553
Godmanchester,Godmanchester,/wiki/Godmanchester,TL257713,https://www.heritagegateway.org.uk/Gateway/Results_Single.aspx?uid=366565&resourceID=19191,52.32541062096616,-0.1564895466358735
Great Wilbraham,Great Wilbraham,/wiki/Great_Wilbraham,TL55825763,https://www.heritagegateway.org.uk/Gateway/Results_Single.aspx?uid=1095800&resourceID=19191,52.19489368164769,0.2792593475135934
Guilden Morden,Guilden Morden,/wiki/Guilden_Morden,TL27634054,https://www.heritagegateway.org.uk/Gateway/Results_Single.aspx?uid=365953&resourceID=19191,52.04856739999799,-0.13974464846198967
Helpston,Helpston,/wiki/Helpston,TF12370408,https://www.heritagegateway.org.uk/Gateway/Results_Single.aspx?uid=350328&resourceID=19191,52.62286733364693,-0.3410846046308299
Huntingdon,Huntingdon,/wiki/Huntingdon,TL23667138,https://www.heritagegateway.org.uk/Gateway/Results_Single.aspx?uid=366748&resourceID=19191,52.32659247193216,-0.1864009317989923
Ickleton,Ickleton,/wiki/Ickleton,TL496431,https://www.heritagegateway.org.uk/Gateway/Results_Single.aspx?uid=371050&resourceID=19191,52.06607803021125,0.18182886236140683
Itter Crescent,Walton Peterborough,/wiki/Walton_Peterborough,TF182020,N/A,52.602940819940244,-0.25568759179986983
Linton,Linton,/wiki/Linton_Cambridgeshire,TL57594615,https://www.heritagegateway.org.uk/Gateway/Results_Single.aspx?uid=374014&resourceID=19191,52.0912637728011,0.29983840443316256
Litlington,Litlington,/wiki/Litlington_Cambridgeshire,TL31264247,https://www.heritagegateway.org.uk/Gateway/Results_Single.aspx?uid=368682&resourceID=19191,52.06506268280681,-0.08605580439191672
Orton Longueville,Orton Longueville,/wiki/Orton_Longueville,TL176956,https://www.heritagegateway.org.uk/Gateway/Results_Single.aspx?uid=364221&resourceID=19191,52.54556243262161,-0.2668198746254303
Pilsgate,Barnack,/wiki/Barnack,TF05670651,https://www.heritagegateway.org.uk/Gateway/Results_Single.aspx?uid=347808&resourceID=19191,52.64604804230438,-0.43930271103323765
Reach,Reach,/wiki/Reach_Cambridgeshire,TL57266518,https://www.heritagegateway.org.uk/Gateway/Results_Single.aspx?uid=374665&resourceID=19191,52.26230752824078,0.30384840397415663
Rushey Farm,Great Staughton,/wiki/Great_Staughton,TL13466304,https://www.heritagegateway.org.uk/Gateway/Results_Single.aspx?uid=363484&resourceID=19191,52.25384681974883,-0.3389157080190881
Sacrewell Lodge,Thornhaugh,/wiki/Thornhaugh,TF07630046,https://www.heritagegateway.org.uk/Gateway/Results_Single.aspx?uid=348090&resourceID=19191,52.59129612977088,-0.4122977416185488
Teversham,Teversham,/wiki/Teversham,TL49965752,https://www.heritagegateway.org.uk/Gateway/Results_Single.aspx?uid=371259&resourceID=19191,52.195528958076764,0.19344366960117945
Water Newton,Water Newton,/wiki/Water_Newton,TL111973,https://www.heritagegateway.org.uk/Gateway/Results_Single.aspx?uid=364448&resourceID=19191,52.56220259757295,-0.3621242307408682
Vale Royal,Eaton,/wiki/Eaton_Rushton,SJ571634,https://www.heritagegateway.org.uk/Gateway/Results_Single.aspx?uid=71430&resourceID=19191,53.165982027878265,-2.6431702996789728
Magor,Illogan,/wiki/Illogan,SW63674235,https://www.heritagegateway.org.uk/Gateway/Results_Single.aspx?uid=426186&resourceID=19191,50.23380387770985,-5.3180457350936425
Carsington by Wirksworth,Carsington Water,/wiki/Carsington_Water,SK24925166,https://www.heritagegateway.org.uk/Gateway/Results_Single.aspx?uid=607068&resourceID=19191,53.0616132978255,-1.6295993321612467
Downes,Downes Crediton,/wiki/Downes_Crediton,SX85049920,https://www.heritagegateway.org.uk/Gateway/Results_Single.aspx?uid=918313&resourceID=19191,50.78094851119932,-3.632343707525891
Holcombe,Holcombe,/wiki/Holcombe_East_Devon,SY31499281,https://www.heritagegateway.org.uk/Gateway/Results_Single.aspx?uid=449785&resourceID=19191,50.73085274626381,-2.9721585754401287
Honeyditchesgh,Seatonl,/wiki/Seaton_Devon,SY238909,https://www.heritagegateway.org.uk/Gateway/Results_Single.aspx?uid=449679&resourceID=19191,50.7127204071445,-3.080730092635536
Brenscombe Farm,Corfe Castle,/wiki/Corfe_Castle_(village),SY97898272,https://www.heritagegateway.org.uk/Gateway/Results_Single.aspx?uid=456839&resourceID=19191,50.64416612817721,-2.0312031686357077
Bucknowle Farm,Corfe Castle,/w/index.php?title=Buxknowle_Roman_villa&action=edit&redlink=1,SY95368146,https://www.heritagegateway.org.uk/Gateway/Results_Single.aspx?uid=456872&resourceID=19191,50.63282005590821,-2.0669684576906535
Dewlish,Dewlish,/wiki/Dewlish,SY76789720,https://www.heritagegateway.org.uk/Gateway/Results_Single.aspx?uid=454480&resourceID=19191,50.77391503405566,-2.330674373839655
Druce Farm,Puddletown,/wiki/Puddletown,SY7496,N/A,50.7630056272705,-2.3700153351792097
East Creech,East Creech,/wiki/East_Creech,SY93478277,https://www.heritagegateway.org.uk/Gateway/Results_Single.aspx?uid=456920&resourceID=19191,50.64458212084085,-2.093715540753078
Farnham,Farnham,/wiki/Farnham_Dorset,ST9615,https://www.heritagegateway.org.uk/Gateway/Results_Single.aspx?uid=209791&resourceID=19191,50.93443563362583,-2.0582947285640163
Fifehead Neville,Fifehead Neville,/wiki/Fifehead_Neville,ST77281121,https://www.heritagegateway.org.uk/Gateway/Results_Single.aspx?uid=202262&resourceID=19191,50.89991769102201,-2.324456441407387
Frampton,Frampton,/wiki/Frampton_Dorset,SY61589528,https://www.heritagegateway.org.uk/Gateway/Results_Single.aspx?uid=453174&resourceID=19191,50.755839271338495,-2.5460404857249883
Halstock,Halstock,/wiki/Halstock,ST53380757,https://www.heritagegateway.org.uk/Gateway/Results_Single.aspx?uid=195721&resourceID=19191,50.86574763964079,-2.6638555345318973
Hemsworth,Witchampton,/wiki/Witchampton,ST96320587,https://www.heritagegateway.org.uk/Gateway/Results_Single.aspx?uid=209284&resourceID=19191,50.85233723754495,-2.053646032290475
Hinton St Mary,Hinton St Mary,/wiki/Hinton_St_Mary,ST78451602,https://www.heritagegateway.org.uk/Gateway/Results_Single.aspx?uid=202177&resourceID=19191,50.94321539390944,-2.3081044529742103
Iwerne,Iwerne Minster,/wiki/Iwerne_Minster,ST85691375,https://www.heritagegateway.org.uk/Gateway/Results_Single.aspx?uid=206061&resourceID=19191,50.923029537468096,-2.2049639913339782
Lenthay,Sherborne,/wiki/Sherborne,ST62451529,https://www.heritagegateway.org.uk/Gateway/Results_Single.aspx?uid=199497&resourceID=19191,50.935827969283594,-2.5357646966582763
Myncen Farm,Gussage St Andrew,/wiki/Gussage,ST973143,https://www.heritagegateway.org.uk/Gateway/Results_Single.aspx?uid=912528&resourceID=19191,50.92814880655307,-2.0397893791973942
Preston,Preston,/wiki/Preston_Dorset,SY70298270,https://www.heritagegateway.org.uk/Gateway/Results_Single.aspx?uid=454283&resourceID=19191,50.643227154111116,-2.4215443016819393
Tarrant Hinton,Tarrant Hinton,/wiki/Tarrant_Hinton,ST92591194,https://www.heritagegateway.org.uk/Gateway/Results_Single.aspx?uid=210228&resourceID=19191,50.9068846463002,-2.1067583544264035
Thornford,Thornford,/wiki/Thornford,ST59451363,https://www.heritagegateway.org.uk/Gateway/Results_Single.aspx?uid=196188&resourceID=19191,50.92069767930562,-2.5782738483863024
Walls Field,Charminster,/wiki/Charminster,SY66729492,https://www.heritagegateway.org.uk/Gateway/Results_Single.aspx?uid=453248&resourceID=19191,50.75292058266335,-2.4731389721643704
Wynford Eagle,Wynford Eagle,/wiki/Wynford_Eagle,SY575952,https://www.heritagegateway.org.uk/Gateway/Results_Single.aspx?uid=450700&resourceID=19191,50.75483464437309,-2.603872585610467
Alresford,Alresford,/wiki/Alresford_Essex,TM06091993,https://www.heritagegateway.org.uk/Gateway/Results_Single.aspx?uid=385970&resourceID=19191,51.83993155259504,0.9922674871447038
Ashdon,Ashdon,/wiki/Ashdon,TL57784347,https://www.heritagegateway.org.uk/Gateway/Results_Single.aspx?uid=374158&resourceID=19191,52.06713439729106,0.30137243597572816
Brightlingsea,Brightlingsea,/wiki/Brightlingsea,TM05881872,https://www.heritagegateway.org.uk/Gateway/Results_Single.aspx?uid=385972&resourceID=19191,51.829144693753136,0.9884960549336993
Chignall,Chignal St James,/wiki/Chignal_St_James,TL66251086,https://www.heritagegateway.org.uk/Gateway/Results_Single.aspx?uid=376080&resourceID=19191,51.77172946095338,0.40922760741422803
Finchingfield,Finchingfield,/wiki/Finchingfield,TL668337,https://www.heritagegateway.org.uk/Gateway/Results_Single.aspx?uid=376680&resourceID=19191,51.976734302020375,0.4282470386015423
Finchingfield,Finchingfield,/wiki/Finchingfield,TL69053256,https://www.heritagegateway.org.uk/Gateway/Results_Single.aspx?uid=376691&resourceID=19191,51.965814987356836,0.4604575694729767
Fryerning,Fryerning,/wiki/Fryerning,TL646018,https://www.heritagegateway.org.uk/Gateway/Results_Single.aspx?uid=375861&resourceID=19191,51.690827673024344,0.38101627617436573
Gestingthorpe,Gestingthorpe,/wiki/Gestingthorpe,TL827386,https://www.heritagegateway.org.uk/Gateway/Results_Single.aspx?uid=381671&resourceID=19191,52.01574593591881,0.6624517056569065
Great Tey,Great Tey,/wiki/Great_Tey,TL88922546,https://www.heritagegateway.org.uk/Gateway/Results_Single.aspx?uid=381346&resourceID=19191,51.895662425785105,0.7459024844930535
Hallingbury,Little Hallingbury,/wiki/Little_Hallingbury,TL49221638,https://www.heritagegateway.org.uk/Gateway/Results_Single.aspx?uid=369973&resourceID=19191,51.82611926387965,0.1646800050703566
Harlow,Harlow,/wiki/Harlow,TL48091255,https://www.heritagegateway.org.uk/Gateway/Results_Single.aspx?uid=1084331&resourceID=19191,51.792008365465755,0.14664007270506932
Little Dunmow,Little Dunmow,/wiki/Little_Dunmow,TL664212,https://www.heritagegateway.org.uk/Gateway/Results_Single.aspx?uid=376402&resourceID=19191,51.86456910273643,0.4163743765765717
Little Oakley,Little Oakley,/wiki/Little_Oakley_Essex,TM223290,https://www.heritagegateway.org.uk/Gateway/Results_Single.aspx?uid=389512&resourceID=19191,51.915137733656074,1.233566800699412
Mucking,Mucking,/wiki/Mucking,TQ673804,https://www.heritagegateway.org.uk/Gateway/Results_Single.aspx?uid=1302380&resourceID=19191,51.49778692862475,0.4098816422940867
Park Farm,Abberton,/wiki/Abberton_Essex,TL994203,https://www.heritagegateway.org.uk/Gateway/Results_Single.aspx?uid=384123&resourceID=19191,51.845680911655236,0.8953093065247023
Pleshey,Pleshey,/wiki/Pleshey,TL65101435,https://www.heritagegateway.org.uk/Gateway/Results_Single.aspx?uid=376028&resourceID=19191,51.80342081226884,0.3942154652921812
Rivenhall,Rivenhall,/wiki/Rivenhall,TL82971784,https://www.heritagegateway.org.uk/Gateway/Results_Single.aspx?uid=381076&resourceID=19191,51.82920897525706,0.6553410182263236
Ridgewell,Ridgewell,/wiki/Ridgewell,TL73304026,https://www.heritagegateway.org.uk/Gateway/Results_Single.aspx?uid=379420&resourceID=19191,52.033668688863614,0.5262440980987712
Stebbing,Stebbing,/wiki/Stebbing,TL67692446,https://www.heritagegateway.org.uk/Gateway/Results_Single.aspx?uid=376358&resourceID=19191,51.893466997192604,0.4367023151737248
Stebbing Green,Stebbing,/wiki/Stebbing,TL68852334,https://www.heritagegateway.org.uk/Gateway/Results_Single.aspx?uid=376366&resourceID=19191,51.88305654832042,0.45301838040280673
Wendens Ambo,Wendens Ambo,/wiki/Wendens_Ambo,TL508360,https://www.heritagegateway.org.uk/Gateway/Results_Single.aspx?uid=373695&resourceID=19191,52.00196634455863,0.19620884299651029
West Mersea,West Mersea,/wiki/West_Mersea,TM00961251,https://www.heritagegateway.org.uk/Gateway/Results_Single.aspx?uid=386129&resourceID=19191,51.77517291251096,0.9134447495805509
Abbotswood,Lower Swell,/wiki/Lower_Swell,SP18542624,https://www.heritagegateway.org.uk/Gateway/Results_Single.aspx?uid=330160&resourceID=19191,51.93436696349121,-1.7317449467116603
Ampney St Peter,Ampney St Peter,/wiki/Ampney_St_Peter,SP08050052,https://www.heritagegateway.org.uk/Gateway/Results_Single.aspx?uid=327315&resourceID=19191,51.703368080363305,-1.8849105686100127
Barnsley Park,Barnsley,/wiki/Barnsley_Gloucestershire,SP08120617,https://www.heritagegateway.org.uk/Gateway/Results_Single.aspx?uid=327163&resourceID=19191,51.754166755898204,-1.8837677052094233
Barrington Park,Barrington,/wiki/Barrington_Gloucestershire,SP20411381,https://www.heritagegateway.org.uk/Gateway/Results_Single.aspx?uid=332433&resourceID=19191,51.82254675248594,-1.7052769038747706
Bibury,Bibury,/wiki/Bibury,SP12220652,https://www.heritagegateway.org.uk/Gateway/Results_Single.aspx?uid=329710&resourceID=19191,51.75724001243034,-1.824359254260174
Boughspring,Boughspring,/wiki/Boughspring,ST55969738,https://www.heritagegateway.org.uk/Gateway/Results_Single.aspx?uid=198716&resourceID=19191,51.67345642449798,-2.638288866674401
Brislington,Brislington,/wiki/Brislington,ST61647097,https://www.heritagegateway.org.uk/Gateway/Results_Single.aspx?uid=201401&resourceID=19191,51.436423044915024,-2.5532571507442183
Broadwell,Broadwell,/wiki/Broadwell_Cotswold,SP19922802,https://www.heritagegateway.org.uk/Gateway/Results_Single.aspx?uid=330131&resourceID=19191,51.950322952736755,-1.7115704264497198
Chedworth,Chedworth,/wiki/Chedworth,SP05271347,https://www.heritagegateway.org.uk/Gateway/Results_Single.aspx?uid=327592&resourceID=19191,51.81983463235099,-1.924946895522305
Cheyney Court,Upton Cheyney,/wiki/Upton_Cheyney,ST695698,https://www.heritagegateway.org.uk/Gateway/Results_Single.aspx?uid=200843&resourceID=19191,51.4263825365547,-2.4400781111908123
Cirencester,Cirencester,/wiki/Cirencester,SP01630232,https://www.heritagegateway.org.uk/Gateway/Results_Single.aspx?uid=327354&resourceID=19191,51.719606186132765,-1.9778044191999549
Clear Cupboard,Farmington,/wiki/Farmington_Gloucestershire,SP13231582,https://www.heritagegateway.org.uk/Gateway/Results_Single.aspx?uid=329941&resourceID=19191,51.84083313076303,-1.8093746913452722
Cold Harbour Farm,Wick,/wiki/Wick_Gloucestershire,ST70667192,https://www.heritagegateway.org.uk/Gateway/Results_Single.aspx?uid=204952&resourceID=19191,51.44550560742491,-2.423569958603425
Combend,Colesbourne,/wiki/Colesbourne,SO98411107,https://www.heritagegateway.org.uk/Gateway/Results_Single.aspx?uid=117505&resourceID=19191,51.798277442833275,-2.0244595258157343
Compton Grove,Compton Abdale,/wiki/Compton_Abdale,SP04821624,https://www.heritagegateway.org.uk/Gateway/Results_Single.aspx?uid=327505&resourceID=19191,51.84474351912757,-1.931437804818356
Ditches,Woodmancote,/wiki/Woodmancote_Cirencester,SO99590944,https://www.heritagegateway.org.uk/Gateway/Results_Single.aspx?uid=117102&resourceID=19191,51.78362444181206,-2.007345867616877
Dryhill,Crickley Hill,/w/index.php?title=Crickley_Hill_Country_Park&action=edit&redlink=1,SO93161688,https://www.heritagegateway.org.uk/Gateway/Results_Single.aspx?uid=117453&resourceID=19191,51.850474208108004,-2.100706535879974
Eastleach,Eastleach,/wiki/Eastleach,SP18900634,https://www.heritagegateway.org.uk/Gateway/Results_Single.aspx?uid=918537&resourceID=19191,51.75543741727579,-1.7275898432125119
Ebrington,Ebrington,/wiki/Ebrington,SP18923999,https://www.heritagegateway.org.uk/Gateway/Results_Single.aspx?uid=330563&resourceID=19191,52.05797495008806,-1.7254635103598943
Frocester Court,Frocester,/wiki/Frocester,SO78490272,https://www.heritagegateway.org.uk/Gateway/Results_Single.aspx?uid=113199&resourceID=19191,51.72278768741418,-2.3127998206900333
Great Barrington,Barrington,/wiki/Barrington_Gloucestershire,SP21711324,https://www.heritagegateway.org.uk/Gateway/Results_Single.aspx?uid=332436&resourceID=19191,51.81737324457317,-1.6864508761543975
Great Lemhill,Lechlade,/wiki/Lechlade,SP21200249,https://www.heritagegateway.org.uk/Gateway/Results_Single.aspx?uid=332221&resourceID=19191,51.720740325608084,-1.694502198584997
Great Rissington,Great Rissington,/wiki/Great_Rissington,SP18941634,https://www.heritagegateway.org.uk/Gateway/Results_Single.aspx?uid=329866&resourceID=19191,51.84534505375184,-1.7264673469741822
Great Witcombe,Great Witcombe,/wiki/Great_Witcombe,SO89931424,https://www.heritagegateway.org.uk/Gateway/Results_Single.aspx?uid=115513&resourceID=19191,51.82668861053461,-2.1475212583210985
Highfold,Painswick,/wiki/Painswick,SO85761021,https://www.heritagegateway.org.uk/Gateway/Results_Single.aspx?uid=115532&resourceID=19191,51.790363582596456,-2.207861644342033
Hocberry,Rodmarton,/wiki/Rodmarton,ST94439843,https://www.heritagegateway.org.uk/Gateway/Results_Single.aspx?uid=212790&resourceID=19191,51.684603873505594,-2.081966976053341
Hucclecote,Hucclecote,/wiki/Hucclecote,SO87691755,https://www.heritagegateway.org.uk/Gateway/Results_Single.aspx?uid=115209&resourceID=19191,51.85640313527947,-2.180142910831501
Ironmongers Piece,Marshfield,/wiki/Marshfield_Gloucestershire,ST79857602,https://www.heritagegateway.org.uk/Gateway/Results_Single.aspx?uid=204850&resourceID=19191,51.48277378801291,-2.291568166526922
Kempsford,Kempsford,/wiki/Kempsford,SU16809711,https://www.heritagegateway.org.uk/Gateway/Results_Single.aspx?uid=1010687&resourceID=19191,51.672516492966416,-1.7584553258156996
Kings Weston,Kings Weston,/wiki/Kings_Weston,ST53397755,https://www.heritagegateway.org.uk/Gateway/Results_Single.aspx?uid=198239&resourceID=19191,51.494962750276144,-2.6728154600357708
Lechlade,Lechlade,/wiki/Lechlade,SP21600087,https://www.heritagegateway.org.uk/Gateway/Results_Single.aspx?uid=332224&resourceID=19191,51.70615972075184,-1.6888115688592034
Lillyhorn,Bournes Green,/wiki/Oakridge_Stroud_Gloucestershire,SO91320438,https://www.heritagegateway.org.uk/Gateway/Results_Single.aspx?uid=117310&resourceID=19191,51.73806090765874,-2.127102270595748
Listercombe Bottom,Chedworth,/wiki/Chedworth,SP07011174,https://www.heritagegateway.org.uk/Gateway/Results_Single.aspx?uid=327610&resourceID=19191,51.80426149599926,-1.899737517806196
Naunton,Naunton,/wiki/Naunton,SP131234,https://www.heritagegateway.org.uk/Gateway/Results_Single.aspx?uid=330507&resourceID=19191,51.908986710975135,-1.8109764701901923
Park Farm,Aylburton,/wiki/Aylburton,SO62500187,https://www.heritagegateway.org.uk/Gateway/Results_Single.aspx?uid=111684&resourceID=19191,51.714300941741605,-2.5441942635739005
Priest Wood,Cromhall,/wiki/Cromhall,ST68588974,https://www.heritagegateway.org.uk/Gateway/Results_Single.aspx?uid=201442&resourceID=19191,51.60561572630396,-2.4550949207203385
Shipton,Shipton,/wiki/Shipton_Gloucestershire,SP05471825,https://www.heritagegateway.org.uk/Gateway/Results_Single.aspx?uid=1509781&resourceID=19191,51.862809391395224,-1.9219713009116948
Spoonley Wood,Winchcombe,/wiki/Winchcombe,SP04502568,https://www.heritagegateway.org.uk/Gateway/Results_Single.aspx?uid=327838&resourceID=19191,51.92961985206708,-1.935962904187114
St Peters Church,Frocester,/wiki/Frocester,SO77100327,https://www.heritagegateway.org.uk/Gateway/Results_Single.aspx?uid=113220&resourceID=19191,51.72767738865226,-2.3329591429625016
Stancombe,North Nibley,/wiki/North_Nibley,ST74139702,https://www.heritagegateway.org.uk/Gateway/Results_Single.aspx?uid=205263&resourceID=19191,51.671354087690204,-2.3754946464366364
The Chesters,Woolaston,/wiki/Woolaston,ST597987,https://www.heritagegateway.org.uk/Gateway/Results_Single.aspx?uid=198703&resourceID=19191,51.6856057082094,-2.5843553550081704
Tockington Park,Tockington,/wiki/Tockington,ST62728565,https://www.heritagegateway.org.uk/Gateway/Results_Single.aspx?uid=201524&resourceID=19191,51.568484149664414,-2.5392762438193928
Tresham,Tresham,/wiki/Tresham,ST803901,https://www.heritagegateway.org.uk/Gateway/Results_Single.aspx?uid=209247&resourceID=19191,51.60938695783087,-2.2858808036485394
Turkdean,Turkdean,/wiki/Turkdean,SP099190,https://www.heritagegateway.org.uk/Gateway/Results_Single.aspx?uid=1185169&resourceID=19191,51.86949243954854,-1.857618678128994
Wadfield Farm,Winchcombe,/wiki/Winchcombe,SP02332604,https://www.heritagegateway.org.uk/Gateway/Results_Single.aspx?uid=327832&resourceID=19191,51.93286940454726,-1.967519562469773
Waltham Field,Whittington,/wiki/Whittington_Gloucestershire,SP00802093,https://www.heritagegateway.org.uk/Gateway/Results_Single.aspx?uid=328021&resourceID=19191,51.88693024183858,-1.989782583709227
West Chestle,Aldsworth,/wiki/Aldsworth,SP143101,https://www.heritagegateway.org.uk/Gateway/Results_Single.aspx?uid=763697&resourceID=19191,51.78937891452677,-1.7940781786090867
Whittington,Whittington,/wiki/Whittington_Gloucestershire,SP01562051,https://www.heritagegateway.org.uk/Gateway/Results_Single.aspx?uid=327977&resourceID=19191,51.883152624805554,-1.9787419077668382
Willington Court,Sandhurst,/wiki/Sandhurst_Gloucestershire,SO83862425,https://www.heritagegateway.org.uk/Gateway/Results_Single.aspx?uid=115715&resourceID=19191,51.91654302192848,-2.236069148453379
Withington,Withington,/wiki/Withington_Gloucestershire,SP03111486,https://www.heritagegateway.org.uk/Gateway/Results_Single.aspx?uid=327648&resourceID=19191,51.83234781565729,-1.95627201083256
Woodchester,Woodchester,/wiki/Woodchester,SO83960311,https://www.heritagegateway.org.uk/Gateway/Results_Single.aspx?uid=115125&resourceID=19191,51.72647846767727,-2.2336289322256357
Wortley,Wortley,/w/index.php?title=Wortley_Gloucestershire&action=edit&redlink=1,ST76909184,https://www.heritagegateway.org.uk/Gateway/Results_Single.aspx?uid=765487&resourceID=19191,51.62490159211544,-2.3350949364132894
Beddington,Beddington,/wiki/Beddington,TQ29766581,https://www.heritagegateway.org.uk/Gateway/Results_Single.aspx?uid=400597&resourceID=19191,51.376526464779054,-0.13650669061530069
Crofton,Orpington,/wiki/Orpington,TQ45426583,https://www.heritagegateway.org.uk/Gateway/Results_Single.aspx?uid=407700&resourceID=19191,51.372914709896705,0.08855480839187753
Keston,Keston,/wiki/Keston,TQ41316327,https://www.heritagegateway.org.uk/Gateway/Results_Single.aspx?uid=407834&resourceID=19191,51.350947277369784,0.02847151402718179
Poverest Road,St Mary Cray,/wiki/St_Mary_Cray,TQ46796758,https://www.heritagegateway.org.uk/Gateway/Results_Single.aspx?uid=407594&resourceID=19191,51.3882872300627,0.10896676732877751
Wanstead,Wanstead,/wiki/Wanstead,TQ41658716,https://www.heritagegateway.org.uk/Gateway/Results_Single.aspx?uid=408132&resourceID=19191,51.565534382284206,0.0429274177350649
Abbotts Ann,Abbotts Ann,/wiki/Abbotts_Ann,SU31434190,https://www.heritagegateway.org.uk/Gateway/Results_Single.aspx?uid=228300&resourceID=19191,51.17548160775996,-1.5517727178670184
Appleshaw,Appleshaw,/wiki/Appleshaw,SU30164764,https://www.heritagegateway.org.uk/Gateway/Results_Single.aspx?uid=228060&resourceID=19191,51.227161945834126,-1.569459523154062
Balchester,Upper Wootton,/wiki/Upper_Wootton,SU58005594,https://www.heritagegateway.org.uk/Gateway/Results_Single.aspx?uid=236499&resourceID=19191,51.29964176147575,-1.1694198569336058
Binsted,Binsted,/wiki/Binsted,SU786413,https://www.heritagegateway.org.uk/Gateway/Results_Single.aspx?uid=243998&resourceID=19191,51.16555872974684,-0.8771401149630121
Bramdean,Bramdean,/wiki/Bramdean,SU62752813,https://www.heritagegateway.org.uk/Gateway/Results_Single.aspx?uid=239199&resourceID=19191,51.049102960255155,-1.1061324710329907
Burghclere,Burghclere,/wiki/Burghclere,SU48286015,https://www.heritagegateway.org.uk/Gateway/Results_Single.aspx?uid=233302&resourceID=19191,51.338399647525705,-1.3082761107827166
Clanville,Clanville,/wiki/Clanville,SU31454897,https://www.heritagegateway.org.uk/Gateway/Results_Single.aspx?uid=228030&resourceID=19191,51.23905140403771,-1.5508690624496386
Crondall,Crondall,/wiki/Crondall,SU79504712,https://www.heritagegateway.org.uk/Gateway/Results_Single.aspx?uid=243750&resourceID=19191,51.21775732134184,-0.8629801755422914
Eastleigh,Eastleigh,/wiki/Eastleigh,SU45231628,https://www.heritagegateway.org.uk/Gateway/Results_Single.aspx?uid=230032&resourceID=19191,50.94419509642908,-1.3575587222396857
Fullerton,Fullerton,/wiki/Fullerton_Hampshire,SU37494006,https://www.heritagegateway.org.uk/Gateway/Results_Single.aspx?uid=227344&resourceID=19191,51.158573078029164,-1.465275592585588
Fyfield,Fyfield,/wiki/Fyfield_Hampshire,SU29525028,https://www.heritagegateway.org.uk/Gateway/Results_Single.aspx?uid=224368&resourceID=19191,51.25093316414645,-1.5784081862573562
Glade Farm,Bentley,/wiki/Bentley_Hampshire,SU77914582,https://www.heritagegateway.org.uk/Gateway/Results_Single.aspx?uid=243745&resourceID=19191,51.20628891975619,-0.886030016313517
Grateley,Grateley,/wiki/Grateley,SU276410,https://www.heritagegateway.org.uk/Gateway/Results_Single.aspx?uid=223994&resourceID=19191,51.16758596311065,-1.6066297851417097
Hambledon,Hambledon,/wiki/Hambledon_Hampshire,SU64431429,https://www.heritagegateway.org.uk/Gateway/Results_Single.aspx?uid=239063&resourceID=19191,50.92448038907657,-1.084614940609751
Havant,Havant,/wiki/Havant,SU69150726,https://www.heritagegateway.org.uk/Gateway/Results_Single.aspx?uid=238381&resourceID=19191,50.860727569229816,-1.0187849328326704
Hurstbourne Priors,Hurstbourne Priors,/wiki/Hurstbourne_Priors,SU44574982,https://www.heritagegateway.org.uk/Gateway/Results_Single.aspx?uid=232098&resourceID=19191,51.24582250891507,-1.3628232947365
Itchen Abbas,Itchen Abbas,/wiki/Itchen_Abbas,SU52883430,https://www.heritagegateway.org.uk/Gateway/Results_Single.aspx?uid=235842&resourceID=19191,51.10557109255405,-1.246044348268213
Langstone,Langstone,/wiki/Langstone_Hampshire,SU71730532,https://www.heritagegateway.org.uk/Gateway/Results_Single.aspx?uid=242160&resourceID=19191,50.84297114172246,-0.9825044498892128
Lippen Wood,West Meon,/wiki/West_Meon,SU63212451,https://www.heritagegateway.org.uk/Gateway/Results_Single.aspx?uid=239364&resourceID=19191,51.016504918077494,-1.100200241141047
Liss,Liss,/wiki/Liss_(England),SU7628,N/A,51.0463364453318,-0.917126158169799
Longstock,Longstock,/wiki/Longstock,SU34193617,https://www.heritagegateway.org.uk/Gateway/Results_Single.aspx?uid=227553&resourceID=19191,51.1238014618931,-1.5128333466403463
Meonstoke,Meonstoke,/wiki/Meonstoke,SU61652105,https://www.heritagegateway.org.uk/Gateway/Results_Single.aspx?uid=239419&resourceID=19191,50.98556449450555,-1.123027369456183
Micheldever Wood,Micheldever,/wiki/Micheldever,SU53093820,https://www.heritagegateway.org.uk/Gateway/Results_Single.aspx?uid=235570&resourceID=19191,51.14061763725742,-1.2424715386648646
Monk Sherborne,Monk Sherborne,/wiki/Monk_Sherborne,SU60665486,https://www.heritagegateway.org.uk/Gateway/Results_Single.aspx?uid=240586&resourceID=19191,51.289655060726425,-1.1314476935471929
North Waltham,North Waltham,/wiki/North_Waltham_Hampshire,SU56994549,https://www.heritagegateway.org.uk/Gateway/Results_Single.aspx?uid=236060&resourceID=19191,51.20578830166774,-1.1855687404515396
Odiham,Odiham,/wiki/Odiham,SU73615263,https://www.heritagegateway.org.uk/Gateway/Results_Single.aspx?uid=244258&resourceID=19191,51.268082697979686,-0.9461897963827458
Old Alresford,Old Alresford,/wiki/Old_Alresford,SU58193342,https://www.heritagegateway.org.uk/Gateway/Results_Single.aspx?uid=235723&resourceID=19191,51.09714549448762,-1.1703388217477042
Rockbourne,Rockbourne,/wiki/Rockbourne,SU12011702,https://www.heritagegateway.org.uk/Gateway/Results_Single.aspx?uid=217299&resourceID=19191,50.95249205385647,-1.8303948463045605
Rowlands Castle,Rowlands Castle,/wiki/Rowlands_Castle,SU73420988,https://www.heritagegateway.org.uk/Gateway/Results_Single.aspx?uid=242847&resourceID=19191,50.88375826713537,-0.9575858059490007
Rowlands Castle,Rowlands Castle,/wiki/Rowlands_Castle,SU737114,https://www.heritagegateway.org.uk/Gateway/Results_Single.aspx?uid=242833&resourceID=19191,50.89738884779493,-0.9532989318325698
Sparsholt,Sparsholt,/wiki/Sparsholt_Hampshire,SU41493012,https://www.heritagegateway.org.uk/Gateway/Results_Single.aspx?uid=231909&resourceID=19191,51.0689214644294,-1.4092164122526298
Stanchester,Chilton Candover,/wiki/Chilton_Candover,SU58044108,https://www.heritagegateway.org.uk/Gateway/Results_Single.aspx?uid=236285&resourceID=19191,51.16603244002961,-1.1712493660366545
Stroud,Stroud,/wiki/Stroud_Hampshire,SU72512360,https://www.heritagegateway.org.uk/Gateway/Results_Single.aspx?uid=243069&resourceID=19191,51.00722767935061,-0.9677945579255276
Tidbury,Tidbury Ring,/wiki/Tidbury_Ring,SU46284292,https://www.heritagegateway.org.uk/Gateway/Results_Single.aspx?uid=232181&resourceID=19191,51.18364665622685,-1.3392123998485295
Twyford,Twyford,/wiki/Twyford_Hampshire,SU48342439,https://www.heritagegateway.org.uk/Gateway/Results_Single.aspx?uid=231220&resourceID=19191,51.01686535808809,-1.3122142597218316
Upham,Upham,/wiki/Upham_Hampshire,SU54422247,https://www.heritagegateway.org.uk/Gateway/Results_Single.aspx?uid=235346&resourceID=19191,50.99905979830009,-1.2258224081324494
Wyck,Wyck,/wiki/Wyck_Hampshire,SU75873938,https://www.heritagegateway.org.uk/Gateway/Results_Single.aspx?uid=243199&resourceID=19191,51.14866527424851,-0.9165921011036897
Bishopstone,Bishopstone,/wiki/Bishopstone_Herefordshire,SO41754337,https://www.heritagegateway.org.uk/Gateway/Results_Single.aspx?uid=108082&resourceID=19191,52.0856049693615,-2.851566819608335
Credenhill,Credenhill,/wiki/Credenhill,SO44654263,https://www.heritagegateway.org.uk/Gateway/Results_Single.aspx?uid=108096&resourceID=19191,52.079250801403234,-2.8091215008140664
Huntsham,Goodrich,/wiki/Goodrich_Herefordshire,SO56431768,https://www.heritagegateway.org.uk/Gateway/Results_Single.aspx?uid=109575&resourceID=19191,51.856000440085865,-2.6340448299689267
New Weir,Kenchester,/wiki/Kenchester,SO43674181,https://www.heritagegateway.org.uk/Gateway/Results_Single.aspx?uid=108100&resourceID=19191,52.07178024668841,-2.8232866138198047
Radlett,Radlett,/wiki/Radlett,TL143011,https://www.heritagegateway.org.uk/Gateway/Results_Single.aspx?uid=362062&resourceID=19191,51.697021893414494,-0.3472320594223517
Radwell,Radwell,/wiki/Radwell_Hertfordshire,TL23443535,https://www.heritagegateway.org.uk/Gateway/Results_Single.aspx?uid=365614&resourceID=19191,52.00287694160636,-0.2027322179912476
Weston,Weston,/wiki/Weston_Hertfordshire,TL27273079,https://www.heritagegateway.org.uk/Gateway/Results_Single.aspx?uid=365679&resourceID=19191,51.96103677022098,-0.14861748746338385
Boxmoor,Boxmoor,/wiki/Boxmoor,TL03810568,https://www.heritagegateway.org.uk/Gateway/Results_Single.aspx?uid=359304&resourceID=19191,51.74022311311609,-0.4976774974390587
Dicket Mead,Welwyn,/wiki/Welwyn,TL23551601,https://www.heritagegateway.org.uk/Gateway/Results_Single.aspx?uid=364864&resourceID=19191,51.82905537740043,-0.20806724966953483
Gadebridge Park,Hemel Hempstead,/wiki/Hemel_Hempstead,TL05030867,https://www.heritagegateway.org.uk/Gateway/Results_Single.aspx?uid=359278&resourceID=19191,51.76686989223839,-0.479102840803576
Gorhambury,Gorhambury,/wiki/Gorhambury,TL11750793,https://www.heritagegateway.org.uk/Gateway/Results_Single.aspx?uid=361934&resourceID=19191,51.75891967375496,-0.3819436354314891
Kings Langley,Kings Langley,/wiki/Kings_Langley,TL078022,https://www.heritagegateway.org.uk/Gateway/Results_Single.aspx?uid=359335&resourceID=19191,51.70819317101789,-0.4409590027595827
Lockleys,Welwyn,/wiki/Welwyn,TL23771620,https://www.heritagegateway.org.uk/Gateway/Results_Single.aspx?uid=364820&resourceID=19191,51.830714170053255,-0.20480608578915852
Moor Park,Moor Park,/wiki/Moor_Park_Hertfordshire,TQ08009348,https://www.heritagegateway.org.uk/Gateway/Results_Single.aspx?uid=395289&resourceID=19191,51.6297805553789,-0.44075862514850245
Northchurch,Northchurch,/wiki/Northchurch,SP97300923,https://www.heritagegateway.org.uk/Gateway/Results_Single.aspx?uid=346269&resourceID=19191,51.77329849319303,-0.5909822041060029
Park Street,Park Street,/wiki/Park_Street_Hertfordshire,TL14690308,https://www.heritagegateway.org.uk/Gateway/Results_Single.aspx?uid=362066&resourceID=19191,51.71473742800848,-0.34093682389255847
"Wymondley, also known as Ninesprings,",nearHitchin,/wiki/Hitchin,TL20722924,https://www.heritagegateway.org.uk/Gateway/Results_Single.aspx?uid=365078&resourceID=19191,51.94856690961775,-0.2445140097469236
Brading,Brading,/wiki/Brading,SZ60008625,https://www.heritagegateway.org.uk/Gateway/Results_Single.aspx?uid=461161&resourceID=19191,50.67283397342328,-1.1522212702918897
Carisbrooke,Carisbrooke,/wiki/Carisbrooke,SZ48508809,https://www.heritagegateway.org.uk/Gateway/Results_Single.aspx?uid=460043&resourceID=19191,50.690449015773915,-1.3147317047518146
Clatterford,Carisbrooke,/wiki/Carisbrooke,SZ47968747,https://www.heritagegateway.org.uk/Gateway/Results_Single.aspx?uid=460017&resourceID=19191,50.684918585780615,-1.3224569214172417
Combley,Robin Hill,/wiki/Robin_Hill_(theme_park),SZ53808787,https://www.heritagegateway.org.uk/Gateway/Results_Single.aspx?uid=461298&resourceID=19191,50.688005794039434,-1.239730093294881
Gurnard,Gurnard,/wiki/Gurnard_Isle_of_Wight,SZ47149540,https://www.heritagegateway.org.uk/Gateway/Results_Single.aspx?uid=460615&resourceID=19191,50.75629248704842,-1.3330534367336169
Newport,Newport,/wiki/Newport_Isle_of_Wight,SZ50118855,https://www.heritagegateway.org.uk/Gateway/Results_Single.aspx?uid=461238&resourceID=19191,50.69444919953063,-1.291876217205968
Rock,Brighstone,/wiki/Brighstone,SZ42368415,https://www.heritagegateway.org.uk/Gateway/Results_Single.aspx?uid=460425&resourceID=19191,50.65549786658337,-1.4021076074880985
Abbey Farm,Minster,/wiki/Minster-in-Thanet,TR31366463,https://www.heritagegateway.org.uk/Gateway/Results_Single.aspx?uid=469621&resourceID=19191,51.333667465874825,1.322778996748199
Ash,New Ash Green,/wiki/New_Ash_Green,TQ60846500,https://www.heritagegateway.org.uk/Gateway/Results_Single.aspx?uid=413256&resourceID=19191,51.3613030244977,0.30978124285833675
Bax Farm,Teynham,/wiki/Teynham,TQ94806409,https://www.heritagegateway.org.uk/Gateway/Results_Single.aspx?uid=1316061&resourceID=19191,51.34251029601888,0.7972334649739883
Blean,Blean,/wiki/Blean,TR12866062,https://www.heritagegateway.org.uk/Gateway/Results_Single.aspx?uid=1249608&resourceID=19191,51.30488325958171,1.0545970333379167
Boxted,Upchurch,/wiki/Upchurch,TQ85386626,https://www.heritagegateway.org.uk/Gateway/Results_Single.aspx?uid=418307&resourceID=19191,51.36514899479221,0.663041202678881
Cobham Park,Cobham,/wiki/Cobham_Kent,TQ68326932,https://www.heritagegateway.org.uk/Gateway/Results_Single.aspx?uid=413160&resourceID=19191,51.397947074379296,0.4193068859708763
Crofton Roman Villa,Orpington,/wiki/Orpington,TQ454658,N/A,51.37265025655713,0.08825510593543558
Darenth Court,Darenth,/wiki/Darenth,TQ56337064,https://www.heritagegateway.org.uk/Gateway/Results_Single.aspx?uid=410759&resourceID=19191,51.41323493279874,0.2474631594059721
Dartford,Dartford,/wiki/Dartford,TQ54647345,https://www.heritagegateway.org.uk/Gateway/Results_Single.aspx?uid=411352&resourceID=19191,51.438945283872584,0.22438035243747997
Eccles,Eccles,/wiki/Eccles_Kent,TQ72106061,https://www.heritagegateway.org.uk/Gateway/Results_Single.aspx?uid=416441&resourceID=19191,51.3185692054742,0.4694476403780354
Farningham,Farningham,/wiki/Farningham,TQ54496674,https://www.heritagegateway.org.uk/Gateway/Results_Single.aspx?uid=410069&resourceID=19191,51.37869783252517,0.21929680202369906
Franks,Farningham,/wiki/Farningham,TQ55416742,https://www.heritagegateway.org.uk/Gateway/Results_Single.aspx?uid=409879&resourceID=19191,51.384556614899815,0.2328182317721556
Faversham,Faversham,/wiki/Faversham,TR02086172,https://www.heritagegateway.org.uk/Gateway/Results_Single.aspx?uid=463687&resourceID=19191,51.31868791160942,0.9004679821363503
Folkestone,Folkestone,/wiki/Folkestone,TR24083699,https://www.heritagegateway.org.uk/Gateway/Results_Single.aspx?uid=465716&resourceID=19191,51.08843398128019,1.2008851107675753
Hartlip,Hartlip,/wiki/Hartlip,TQ82876403,https://www.heritagegateway.org.uk/Gateway/Results_Single.aspx?uid=418600&resourceID=19191,51.34593163899809,0.6258200866475415
Luddenham,Luddenham,/wiki/Luddenham_Kent,TQ976626,https://www.heritagegateway.org.uk/Gateway/Results_Single.aspx?uid=1316075&resourceID=19191,51.32816339655497,0.8366291027197056
Lullingstone,Lullingstone,/wiki/Lullingstone,TQ53016508,https://www.heritagegateway.org.uk/Gateway/Results_Single.aspx?uid=410045&resourceID=19191,51.364183145797654,0.19730875699606817
Maidstone,Maidstone,/wiki/Maidstone,TQ75725621,https://www.heritagegateway.org.uk/Gateway/Results_Single.aspx?uid=415105&resourceID=19191,51.27793799431782,0.5192483496935051
Maidstone,Maidstone,/wiki/Maidstone,TQ76575485,https://www.heritagegateway.org.uk/Gateway/Results_Single.aspx?uid=415680&resourceID=19191,51.265458474751256,0.5307680378276101
Newbury,Rodmersham,/wiki/Rodmersham,TQ92525982,https://www.heritagegateway.org.uk/Gateway/Results_Single.aspx?uid=1316263&resourceID=19191,51.30493638456122,0.7621699608322494
Otford,Otford,/wiki/Otford,TQ53625922,https://www.heritagegateway.org.uk/Gateway/Results_Single.aspx?uid=409588&resourceID=19191,51.31136620109394,0.20354446820767366
Plaxtol,Plaxtol,/wiki/Plaxtol,TQ61485313,https://www.heritagegateway.org.uk/Gateway/Results_Single.aspx?uid=412963&resourceID=19191,51.2544766212514,0.3135999178610245
Sandwich,Sandwich,/wiki/Sandwich_Kent,TR31905730,https://www.heritagegateway.org.uk/Gateway/Results_Single.aspx?uid=468326&resourceID=19191,51.267649068297466,1.3257623005271244
Snodland,Snodland,/wiki/Snodland,TQ70756201,https://www.heritagegateway.org.uk/Gateway/Results_Single.aspx?uid=416478&resourceID=19191,51.33155257339737,0.4507382665669227
Teston,Teston,/wiki/Teston,TQ69885316,https://www.heritagegateway.org.uk/Gateway/Results_Single.aspx?uid=412907&resourceID=19191,51.252307558145695,0.43403032547962533
Thurnham,Thurnham,/wiki/Thurnham_Kent,TQ79785715,https://www.heritagegateway.org.uk/Gateway/Results_Single.aspx?uid=415057&resourceID=19191,51.28511612802611,0.5779573567902384
Wilmington,Wilmington,/wiki/Wilmington_Kent,TQ54177299,https://www.heritagegateway.org.uk/Gateway/Results_Single.aspx?uid=410980&resourceID=19191,51.434940262279355,0.21741543149766326
Wingham,Wingham,/wiki/Wingham_Kent,TR24055724,https://www.heritagegateway.org.uk/Gateway/Results_Single.aspx?uid=466356&resourceID=19191,51.2702479196515,1.2131092306438775
Bringhurst,Bringhurst,/wiki/Bringhurst,SP844921,https://www.heritagegateway.org.uk/Gateway/Results_Single.aspx?uid=964600&resourceID=19191,52.5202571951799,-0.757404330833255
Drayton,Drayton,/wiki/Drayton_Leicestershire,SP817918,https://www.heritagegateway.org.uk/Gateway/Results_Single.aspx?uid=964689&resourceID=19191,52.51797170499137,-0.7972745447183902
Claybrooke Magna,Claybrooke Magna,/wiki/Claybrooke_Magna,SP481885,https://www.heritagegateway.org.uk/Gateway/Results_Single.aspx?uid=964656&resourceID=19191,52.49230147149084,-1.2929698206362312
Glooston,Glooston,/wiki/Glooston,SP75279603,https://www.heritagegateway.org.uk/Gateway/Results_Single.aspx?uid=344021&resourceID=19191,52.55691632222039,-0.8910860790182321
Hamilton Grounds,Barkby Thorpe,/wiki/Barkby_Thorpe,SK647076,https://www.heritagegateway.org.uk/Gateway/Results_Single.aspx?uid=319193&resourceID=19191,52.66227036597207,-1.0447478670896706
Lockington,Lockington-Hemington,/wiki/Lockington-Hemington,SK480295,https://www.heritagegateway.org.uk/Gateway/Results_Single.aspx?uid=315175&resourceID=19191,52.860857997702375,-1.288481152075378
Lowesby,Lowesby,/wiki/Lowesby,SK736068,https://www.heritagegateway.org.uk/Gateway/Results_Single.aspx?uid=964659&resourceID=19191,52.653946755098524,-0.913327336944692
Medbourne,Medbourne,/wiki/Medbourne,SP79829299,https://www.heritagegateway.org.uk/Gateway/Results_Single.aspx?uid=344073&resourceID=19191,52.52894559870395,-0.8246975910737948
Norfolk Street,Leicester,/wiki/Leicester,SK57530437,https://www.heritagegateway.org.uk/Gateway/Results_Single.aspx?uid=316867&resourceID=19191,52.63404349970765,-1.151328785610174
Osbaston,Osbaston,/wiki/Osbaston_Leicestershire,SK425038,https://www.heritagegateway.org.uk/Gateway/Results_Single.aspx?uid=964895&resourceID=19191,52.63030156463982,-1.373495545119473
Ridgeway,Rothley,/wiki/Rothley,SK56901229,https://www.heritagegateway.org.uk/Gateway/Results_Single.aspx?uid=317190&resourceID=19191,52.70530028903075,-1.1592729619119473
Sapcote,Sapcote,/wiki/Sapcote,SP49679312,https://www.heritagegateway.org.uk/Gateway/Results_Single.aspx?uid=338045&resourceID=19191,52.53369110330342,-1.2691570569236352
Stocking Field,Drayton,/wiki/Drayton_Leicestershire,SP83059310,https://www.heritagegateway.org.uk/Gateway/Results_Single.aspx?uid=346249&resourceID=19191,52.529452148864856,-0.7770529547398666
West Langton,West Langton,/wiki/West_Langton,SP71489207,https://www.heritagegateway.org.uk/Gateway/Results_Single.aspx?uid=344132&resourceID=19191,52.521832617727654,-0.9478451119043722
Wycomb,Goadby Marwood,/wiki/Goadby_Marwood,SK782255,https://www.heritagegateway.org.uk/Gateway/Results_Single.aspx?uid=964934&resourceID=19191,52.821374572084416,-0.8408706097242651
Barrs Farm,Hemingby,/wiki/Hemingby,TF24157331,https://www.heritagegateway.org.uk/Gateway/Results_Single.aspx?uid=352988&resourceID=19191,53.24230841723028,-0.1405398324487906
Denton,Denton,/wiki/Denton_Lincolnshire,SK87593094,https://www.heritagegateway.org.uk/Gateway/Results_Single.aspx?uid=323786&resourceID=19191,52.86882255613842,-0.7000549845168655
Glentworth Hall,Glentworth,/wiki/Glentworth_Lincolnshire,SK94378828,https://www.heritagegateway.org.uk/Gateway/Results_Single.aspx?uid=920235&resourceID=19191,53.38294972205901,-0.5824609374481792
Gravel Pit Farm,Kirton in Lindsey,/wiki/Kirton_in_Lindsey,SK939966,https://www.heritagegateway.org.uk/Gateway/Results_Single.aspx?uid=1063122&resourceID=19191,53.45779519243444,-0.5870506972777159
Haceby,Haceby,/wiki/Haceby,TF01953692,https://www.heritagegateway.org.uk/Gateway/Results_Single.aspx?uid=348661&resourceID=19191,52.92003453783291,-0.48482772125585105
Horkstow,Horkstow,/wiki/Horkstow,SE98491914,https://www.heritagegateway.org.uk/Gateway/Results_Single.aspx?uid=63618&resourceID=19191,53.65948670458104,-0.5108138096173938
Kirmond le Mire,Kirmond le Mire,/wiki/Kirmond_le_Mire,TF183930,https://www.heritagegateway.org.uk/Gateway/Results_Single.aspx?uid=893061&resourceID=19191,53.42054438808775,-0.22087352393314622
Mount Pleasant Farm,Kirton in Lindsey,/wiki/Kirton_in_Lindsey,SE93940038,https://www.heritagegateway.org.uk/Gateway/Results_Single.aspx?uid=63566&resourceID=19191,53.49175403425046,-0.585318511626065
Norton Disney,Norton Disney,/wiki/Norton_Disney,SK85896028,https://www.heritagegateway.org.uk/Gateway/Results_Single.aspx?uid=324486&resourceID=19191,53.132772514707604,-0.7175207462667462
Roxby,Roxby,/wiki/Roxby_Lincolnshire,SE92031697,https://www.heritagegateway.org.uk/Gateway/Results_Single.aspx?uid=63684&resourceID=19191,53.64116330285234,-0.6092275875922653
Scampton,Scampton,/wiki/Scampton,SK95527847,https://www.heritagegateway.org.uk/Gateway/Results_Single.aspx?uid=326410&resourceID=19191,53.29459224622539,-0.5681261149373457
Stainby,Stainby,/wiki/Stainby,SK921222,https://www.heritagegateway.org.uk/Gateway/Results_Single.aspx?uid=325510&resourceID=19191,52.789525402244465,-0.6355116170109024
Stoke Rochford,Stoke Rochford,/wiki/Stoke_Rochford,SK9328,https://www.heritagegateway.org.uk/Gateway/Results_Single.aspx?uid=325445&resourceID=19191,52.84149495241952,-0.6205140857092928
Sudbrooke,Sudbrooke,/wiki/Sudbrooke,TF037765,https://www.heritagegateway.org.uk/Gateway/Results_Single.aspx?uid=1589635&resourceID=19191,53.27535538174667,-0.4460251607460082
Walesby,Walesby,/wiki/Walesby_Lincolnshire,TF14739262,https://www.heritagegateway.org.uk/Gateway/Results_Single.aspx?uid=351895&resourceID=19191,53.41791793309163,-0.2747444731051334
Winterton,Winterton,/wiki/Winterton_Lincolnshire,SE90961799,https://www.heritagegateway.org.uk/Gateway/Results_Single.aspx?uid=63693&resourceID=19191,53.65051543403392,-0.6251163365122993
Bolwick Hall,Bolwick Hall,/wiki/Bolwick_Hall,TG205245,https://www.heritagegateway.org.uk/Gateway/Results_Single.aspx?uid=133102&resourceID=19191,52.773043407820296,1.2702149025932354
Feltwell,Feltwell,/wiki/Feltwell,TL700921,https://www.heritagegateway.org.uk/Gateway/Results_Single.aspx?uid=380605&resourceID=19191,52.50030513057681,0.5042602218306168
Feltwell,Feltwell,/wiki/Feltwell,TL715909,https://www.heritagegateway.org.uk/Gateway/Results_Single.aspx?uid=380586&resourceID=19191,52.489058464885105,0.5257493387798449
Gayton Thorpe,Gayton Thorpe,/wiki/Gayton_Thorpe,TF73541806,https://www.heritagegateway.org.uk/Gateway/Results_Single.aspx?uid=357080&resourceID=19191,52.73233162092979,0.5700774286731516
Grimston,Grimston,/wiki/Grimston_Norfolk,TF716216,https://www.heritagegateway.org.uk/Gateway/Results_Single.aspx?uid=357416&resourceID=19191,52.764741785283604,0.543186004728334
Snettisham,Snettisham,/wiki/Snettisham,TF68953370,https://www.heritagegateway.org.uk/Gateway/Results_Single.aspx?uid=356701&resourceID=19191,52.87424447461598,0.5101567739514621
Tivetshall,Tivetshall St Mary,/wiki/Tivetshall_St_Mary,TM164843,https://www.heritagegateway.org.uk/Gateway/Results_Single.aspx?uid=389215&resourceID=19191,52.413872910470545,1.1830476808792907
Weeting,Weeting,/wiki/Weeting,TL77808784,https://www.heritagegateway.org.uk/Gateway/Results_Single.aspx?uid=380213&resourceID=19191,52.459562971397325,0.6169453064456797
Apethorpe,Apethorpe,/wiki/Apethorpe,TL02639493,https://www.heritagegateway.org.uk/Gateway/Results_Single.aspx?uid=361757&resourceID=19191,52.54256565586559,-0.48783145374952214
Ashley,Ashley,/wiki/Ashley_Northamptonshire,SP79409163,https://www.heritagegateway.org.uk/Gateway/Results_Single.aspx?uid=344086&resourceID=19191,52.51678317486748,-0.8312138354437902
Borough Hill,Daventry,/wiki/Daventry,SP58906321,https://www.heritagegateway.org.uk/Gateway/Results_Single.aspx?uid=339861&resourceID=19191,52.263910455580394,-1.138334575252846
Brixworth,Brixworth,/wiki/Brixworth,SP74657187,https://www.heritagegateway.org.uk/Gateway/Results_Single.aspx?uid=962749&resourceID=19191,52.33984287823217,-0.9056279226714719
Byfield,Byfield,/wiki/Byfield_Northamptonshire,SP506545,https://www.heritagegateway.org.uk/Gateway/Results_Single.aspx?uid=339748&resourceID=19191,52.18643555557473,-1.2612576055425306
Chipping Warden,Chipping Warden,/wiki/Chipping_Warden,SP51094822,https://www.heritagegateway.org.uk/Gateway/Results_Single.aspx?uid=339306&resourceID=19191,52.129935237391436,-1.255033004580607
Cosgrove,Cosgrove,/wiki/Cosgrove_Northamptonshire,SP79474212,https://www.heritagegateway.org.uk/Gateway/Results_Single.aspx?uid=343100&resourceID=19191,52.071758002625046,-0.8418498996901379
Cotterstock,Cotterstock,/wiki/Cotterstock,TL03209101,https://www.heritagegateway.org.uk/Gateway/Results_Single.aspx?uid=361745&resourceID=19191,52.50723009485629,-0.48064183188668186
Deanshanger,Deanshanger,/wiki/Deanshanger,SP770396,https://www.heritagegateway.org.uk/Gateway/Results_Single.aspx?uid=342874&resourceID=19191,52.049454451115935,-0.8784573522441275
Fotheringhay,Fotheringhay,/wiki/Fotheringhay,TL07899446,https://www.heritagegateway.org.uk/Gateway/Results_Single.aspx?uid=361593&resourceID=19191,52.53732646447542,-0.4104105478488507
Great Weldon,Weldon,/wiki/Weldon_Northamptonshire,SP92948999,https://www.heritagegateway.org.uk/Gateway/Results_Single.aspx?uid=347512&resourceID=19191,52.49990626691736,-0.632118704539944
Harpole,Harpole,/wiki/Harpole,SP68385990,https://www.heritagegateway.org.uk/Gateway/Results_Single.aspx?uid=341461&resourceID=19191,52.233062155163935,-1.000090452376899
Harpole,Harpole,/wiki/Harpole,SP68936209,https://www.heritagegateway.org.uk/Gateway/Results_Single.aspx?uid=341732&resourceID=19191,52.25267944484059,-0.9915903896097965
Meadow Furlong,Stanwick,/wiki/Stanwick_Northamptonshire,SP97147179,https://www.heritagegateway.org.uk/Gateway/Results_Single.aspx?uid=347335&resourceID=19191,52.33560707730747,-0.5755228159371681
Nether Heyford,Nether Heyford,/wiki/Nether_Heyford,SP66675865,https://www.heritagegateway.org.uk/Gateway/Results_Single.aspx?uid=341458&resourceID=19191,52.22203520151945,-1.0253768631102549
North Lodge Farm,Barnwell,/wiki/Barnwell_Northamptonshire,TL07438368,https://www.heritagegateway.org.uk/Gateway/Results_Single.aspx?uid=361159&resourceID=19191,52.44054260703312,-0.4206698003583582
Piddington,Piddington,/wiki/Piddington_Northamptonshire,SP79785414,https://www.heritagegateway.org.uk/Gateway/Results_Single.aspx?uid=343312&resourceID=19191,52.17975699532748,-0.834510900385077
Quinton,Quinton,/wiki/Quinton_Northamptonshire,SP775535,https://www.heritagegateway.org.uk/Gateway/Results_Single.aspx?uid=343322&resourceID=19191,52.17432878277743,-0.8680051454177703
Ringstead,Ringstead,/wiki/Ringstead_Northamptonshire,SP976748,https://www.heritagegateway.org.uk/Gateway/Results_Single.aspx?uid=347389&resourceID=19191,52.36257745662466,-0.5678963403161307
Stoke Bruerne,Stoke Bruerne,/wiki/Stoke_Bruerne,SP75465003,https://www.heritagegateway.org.uk/Gateway/Results_Single.aspx?uid=343315&resourceID=19191,52.14342002529122,-0.8986094234070063
Thenford,Thenford,/wiki/Thenford,SP52524158,https://www.heritagegateway.org.uk/Gateway/Results_Single.aspx?uid=339407&resourceID=19191,52.07010963205916,-1.2351634721415476
Whitehall Farm,Nether Heyford,/wiki/Nether_Heyford,SP6458,N/A,52.21650838441277,-1.064587861449104
Whittlebury,Whittlebury,/wiki/Whittlebury,SP73224457,https://www.heritagegateway.org.uk/Gateway/Results_Single.aspx?uid=343177&resourceID=19191,52.094641362271375,-0.9325186833133002
Wollaston,Wollaston,/wiki/Wollaston_Northamptonshire,SP90096499,https://www.heritagegateway.org.uk/Gateway/Results_Single.aspx?uid=347131&resourceID=19191,52.27569133628049,-0.6808252909188637
Wollaston,Wollaston,/wiki/Wollaston_Northamptonshire,SP90326254,https://www.heritagegateway.org.uk/Gateway/Results_Single.aspx?uid=347126&resourceID=19191,52.2536333121143,-0.6781090805267755
Wootton,Hunsbury Hill,/wiki/Hunsbury_Hill,SP737582,https://www.heritagegateway.org.uk/Gateway/Results_Single.aspx?uid=343298&resourceID=19191,52.21709601147492,-0.9225572284093011
Yarwell,Yarwell,/wiki/Yarwell,TL06189914,https://www.heritagegateway.org.uk/Gateway/Results_Single.aspx?uid=361372&resourceID=19191,52.579718878061655,-0.43412932766520307
Yarwell,Yarwell,/wiki/Yarwell,TL06689789,https://www.heritagegateway.org.uk/Gateway/Results_Single.aspx?uid=361340&resourceID=19191,52.56838810323372,-0.4271513063644937
Car Colston,Car Colston,/wiki/Car_Colston,SK71934248,https://www.heritagegateway.org.uk/Gateway/Results_Single.aspx?uid=321937&resourceID=19191,52.97485837641393,-0.9301710065174186
Cromwell,Cromwell,/wiki/Cromwell_Nottinghamshire,SK802625,https://www.heritagegateway.org.uk/Gateway/Results_Single.aspx?uid=324520&resourceID=19191,53.15360878807045,-0.8020220798674251
Glebe Farm,Barton in Fabis,/wiki/Barton_in_Fabis,SK52683166,https://www.heritagegateway.org.uk/Gateway/Results_Single.aspx?uid=317772&resourceID=19191,52.87983658148411,-1.218618906593497
Northfield,Mansfield Woodhouse,/wiki/Mansfield_Woodhouse,SK52516455,https://www.heritagegateway.org.uk/Gateway/Results_Single.aspx?uid=318221&resourceID=19191,53.17547786480401,-1.2158023763359591
Oldcotes,Oldcotes,/wiki/Oldcotes,SK59098853,https://www.heritagegateway.org.uk/Gateway/Results_Single.aspx?uid=318493&resourceID=19191,53.39031359891648,-1.1129013104553536
Southwell,Southwell,/wiki/Southwell_Nottinghamshire,SK70285378,https://www.heritagegateway.org.uk/Gateway/Results_Single.aspx?uid=322403&resourceID=19191,53.07663701335301,-0.9522866376775064
Wood Meadow,Thurgarton,/wiki/Thurgarton,SK67344945,https://www.heritagegateway.org.uk/Gateway/Results_Single.aspx?uid=319888&resourceID=19191,53.03809837929054,-0.997079821772804
Asthall,Asthall,/wiki/Asthall,SP30261120,https://www.heritagegateway.org.uk/Gateway/Results_Single.aspx?uid=334805&resourceID=19191,51.798636370613195,-1.562591373366469
Barton Court Farm,Abingdon,/wiki/Abingdon_Oxfordshire,SU510977,https://www.heritagegateway.org.uk/Gateway/Results_Single.aspx?uid=238005&resourceID=19191,51.67576404946265,-1.263808364932773
Brize Lodge,Ramsden,/wiki/Ramsden_Oxfordshire,SP33931525,https://www.heritagegateway.org.uk/Gateway/Results_Single.aspx?uid=334723&resourceID=19191,51.834838609841704,-1.5089760111643564
Callow Hill,Stonesfield,/wiki/Stonesfield,SP40971943,https://www.heritagegateway.org.uk/Gateway/Results_Single.aspx?uid=336638&resourceID=19191,51.871948025352786,-1.406310172547806
Ditchend,Little Milton,/wiki/Little_Milton_Oxfordshire,SP62390030,https://www.heritagegateway.org.uk/Gateway/Results_Single.aspx?uid=340827&resourceID=19191,51.697990900727724,-1.098616919690855
Ditchley,Ditchley,/wiki/Ditchley,SP39932008,https://www.heritagegateway.org.uk/Gateway/Results_Single.aspx?uid=334944&resourceID=19191,51.87786701115203,-1.4213413108773372
Dropshort,Sutton Courtenay,/wiki/Sutton_Courtenay,SU49429389,https://www.heritagegateway.org.uk/Gateway/Results_Single.aspx?uid=234105&resourceID=19191,51.64165107734362,-1.2871965806395052
Elsfield,Elsfield,/wiki/Elsfield,SP54900895,https://www.heritagegateway.org.uk/Gateway/Results_Single.aspx?uid=338425&resourceID=19191,51.77653753663053,-1.2056343225042874
Fawler,Fawler,/wiki/Fawler,SP37171689,https://www.heritagegateway.org.uk/Gateway/Results_Single.aspx?uid=334566&resourceID=19191,51.84937752835674,-1.4617780664672737
Frilford,Frilford,/wiki/Frilford,SU42289726,https://www.heritagegateway.org.uk/Gateway/Results_Single.aspx?uid=234025&resourceID=19191,51.6725304464797,-1.3899744950658
Garford,Garford,/wiki/Garford,SU43709542,https://www.heritagegateway.org.uk/Gateway/Results_Single.aspx?uid=1516137&resourceID=19191,51.655879241435066,-1.3696690400738607
Gatehampton,Goring-on-Thames,/wiki/Goring-on-Thames,SU60007990,https://www.heritagegateway.org.uk/Gateway/Results_Single.aspx?uid=1401795&resourceID=19191,51.514849421792924,-1.1366850792516792
Great Tew,Great Tew,/wiki/Great_Tew,SP40502748,https://www.heritagegateway.org.uk/Gateway/Results_Single.aspx?uid=336845&resourceID=19191,51.9443546666499,-1.412193286464293
Hanwell,Hanwell,/wiki/Hanwell_Oxfordshire,SP42864373,https://www.heritagegateway.org.uk/Gateway/Results_Single.aspx?uid=337244&resourceID=19191,52.09026803339746,-1.3758297449784425
Harpsden,Harpsden,/wiki/Harpsden,SU75658047,https://www.heritagegateway.org.uk/Gateway/Results_Single.aspx?uid=245276&resourceID=19191,51.518097921249264,-0.9110204827683054
Islip,Islip,/wiki/Islip_Oxfordshire,SP53251342,https://www.heritagegateway.org.uk/Gateway/Results_Single.aspx?uid=338766&resourceID=19191,51.81688277699942,-1.2288656716515587
North Leigh,North Leigh,/wiki/North_Leigh,SP39701541,https://www.heritagegateway.org.uk/Gateway/Results_Single.aspx?uid=334573&resourceID=19191,51.835897935889655,-1.42521753388189
Oaklands Farm,Fawler,/wiki/Fawler,SP37931667,https://www.heritagegateway.org.uk/Gateway/Results_Single.aspx?uid=334563&resourceID=19191,51.847348648127905,-1.4507686277895322
Shakenoak,North Leigh,/wiki/North_Leigh,SP374138,https://www.heritagegateway.org.uk/Gateway/Results_Single.aspx?uid=334742&resourceID=19191,51.82158143005721,-1.4587719963017416
Stanford in the Vale,Stanford in the Vale,/wiki/Stanford_in_the_Vale,SU32499510,https://www.heritagegateway.org.uk/Gateway/Results_Single.aspx?uid=662144&resourceID=19191,51.653759622269604,-1.5317504635398644
Stonesfield,Stonesfield,/wiki/Stonesfield,SP40031706,https://www.heritagegateway.org.uk/Gateway/Results_Single.aspx?uid=336649&resourceID=19191,51.85070873002503,-1.420237628900376
West Challow,West Challow,/wiki/West_Challow,SU37578789,https://www.heritagegateway.org.uk/Gateway/Results_Single.aspx?uid=229123&resourceID=19191,51.588619879981344,-1.4590895227602345
Wheatley,Wheatley,/wiki/Wheatley_Oxfordshire,SP60580441,https://www.heritagegateway.org.uk/Gateway/Results_Single.aspx?uid=340823&resourceID=19191,51.73513804190093,-1.1240939364628129
Wigginton,Wigginton,/wiki/Wigginton_Oxfordshire,SP39363356,https://www.heritagegateway.org.uk/Gateway/Results_Single.aspx?uid=335107&resourceID=19191,51.99909721221623,-1.4280833637345625
Widford,Widford,/wiki/Widford_Oxfordshire,SP27791185,https://www.heritagegateway.org.uk/Gateway/Results_Single.aspx?uid=332368&resourceID=19191,51.80460806742278,-1.5983578255593895
Woolstone,Woolstone,/wiki/Woolstone_Oxfordshire,SU29048777,https://www.heritagegateway.org.uk/Gateway/Results_Single.aspx?uid=225384&resourceID=19191,51.58804343448945,-1.5822258481533553
Empingham,Empingham,/wiki/Empingham,SK94280765,https://www.heritagegateway.org.uk/Gateway/Results_Single.aspx?uid=325179&resourceID=19191,52.65838978384449,-0.6073540497015528
Great Casterton,Great Casterton,/wiki/Great_Casterton,TF00640955,https://www.heritagegateway.org.uk/Gateway/Results_Single.aspx?uid=347942&resourceID=19191,52.67432278356295,-0.5127329967727543
'Rutland',Ketton,/wiki/Ketton,SK9667303053,N/A,52.61665608323322,-0.5733154813934962
Thistleton,Thistleton,/wiki/Thistleton,SK90951717,https://www.heritagegateway.org.uk/Gateway/Results_Single.aspx?uid=325314&resourceID=19191,52.744515382481914,-0.6539621964489135
Tixover,Tixover,/wiki/Tixover,SK98150188,https://www.heritagegateway.org.uk/Gateway/Results_Single.aspx?uid=325200&resourceID=19191,52.605849870976314,-0.5518445843675995
Acton Scott,Acton Scott,/wiki/Acton_Scott,SO45808977,https://www.heritagegateway.org.uk/Gateway/Results_Single.aspx?uid=108871&resourceID=19191,52.50312405144598,-2.799940922733591
Ashford Carbonell,Ashford Carbonell,/wiki/Ashford_Carbonell,SO53136932,https://www.heritagegateway.org.uk/Gateway/Results_Single.aspx?uid=912155&resourceID=19191,52.319971518407385,-2.6890784138695514
Cruckton,Cruckton,/wiki/Cruckton,SJ43211017,https://www.heritagegateway.org.uk/Gateway/Results_Single.aspx?uid=68458&resourceID=19191,52.68623174879817,-2.8416064087857293
Lea,Shorthill,/wiki/Shorthill_Shropshire,SJ41760848,https://www.heritagegateway.org.uk/Gateway/Results_Single.aspx?uid=67687&resourceID=19191,52.67088670618695,-2.8627585377491784
Whitley Grange,Bayston Hill,/wiki/Bayston_Hill,SJ45700963,https://www.heritagegateway.org.uk/Gateway/Results_Single.aspx?uid=67621&resourceID=19191,52.68163365709113,-2.8046794880620225
Yarchester,Harley,/wiki/Harley_Shropshire,SJ60650091,https://www.heritagegateway.org.uk/Gateway/Results_Single.aspx?uid=72091&resourceID=19191,52.60454270196636,-2.5824867074322886
Banwell,Banwell,/wiki/Banwell,ST39825927,https://www.heritagegateway.org.uk/Gateway/Results_Single.aspx?uid=192470&resourceID=19191,51.32933070001976,-2.865182754873488
Birdcombe,Wraxall,/wiki/Wraxall_Somerset,ST47877158,https://www.heritagegateway.org.uk/Gateway/Results_Single.aspx?uid=195364&resourceID=19191,51.44080485467481,-2.7514487628047157
Blacklands,Laverton,/wiki/Laverton_Somerset,ST765541,https://www.heritagegateway.org.uk/Gateway/Results_Single.aspx?uid=203138&resourceID=19191,51.285550492213936,-2.3383532255283597
Bratton Seymour,Bratton Seymour,/wiki/Bratton_Seymour,ST66702990,https://www.heritagegateway.org.uk/Gateway/Results_Single.aspx?uid=199624&resourceID=19191,51.067461899203266,-2.4766259604105767
Burnett,Burnett,/wiki/Burnett_Somerset,ST66506454,https://www.heritagegateway.org.uk/Gateway/Results_Single.aspx?uid=201090&resourceID=19191,51.37891831911673,-2.4827292733642374
Chew Magna,Chew Magna,/wiki/Chew_Magna,ST588610,https://www.heritagegateway.org.uk/Gateway/Results_Single.aspx?uid=198033&resourceID=19191,51.34658129755514,-2.592954275338786
Chew Park,Chew Valley Lake,/wiki/Chew_Valley_Lake,ST56885934,https://www.heritagegateway.org.uk/Gateway/Results_Single.aspx?uid=197267&resourceID=19191,51.33151310746871,-2.6203207829900035
East Coker,East Coker,/wiki/East_Coker,ST54601377,https://www.heritagegateway.org.uk/Gateway/Results_Single.aspx?uid=196215&resourceID=19191,50.92159431018928,-2.647291697855816
Combe,Combe Down,/wiki/Combe_Down,ST76146219,https://www.heritagegateway.org.uk/Gateway/Results_Single.aspx?uid=204067&resourceID=19191,51.35827730094888,-2.344059527864444
Compton Dundon,Compton Dundon,/wiki/Compton_Dundon,ST49163104,https://www.heritagegateway.org.uk/Gateway/Results_Single.aspx?uid=194010&resourceID=19191,51.076422976407365,-2.727112067081325
Dinnington,Dinnington,/wiki/Dinnington_Somerset,ST404135,https://www.heritagegateway.org.uk/Gateway/Results_Single.aspx?uid=193485&resourceID=19191,50.917871686991525,-2.8492740622157684
Ham Hill,Ham Hill Hillfort,/wiki/Ham_Hill_Hillfort,ST48831649,https://www.heritagegateway.org.uk/Gateway/Results_Single.aspx?uid=193155&resourceID=19191,50.94556744374341,-2.7297657331239242
High Ham,High Ham,/wiki/High_Ham,ST42182952,https://www.heritagegateway.org.uk/Gateway/Results_Single.aspx?uid=193634&resourceID=19191,51.06209405936706,-2.8265065359900476
Hurcot,Hurcott,/wiki/Hurcott_Farm,ST51132972,https://www.heritagegateway.org.uk/Gateway/Results_Single.aspx?uid=196343&resourceID=19191,51.064725818182644,-2.698811834854902
Iford,Farleigh Hungerford,/wiki/Farleigh_Hungerford,ST79735830,https://www.heritagegateway.org.uk/Gateway/Results_Single.aspx?uid=202980&resourceID=19191,51.32344018296129,-2.2922779616759352
Ilchester,Ilchester,/wiki/Ilchester,ST51222213,https://www.heritagegateway.org.uk/Gateway/Results_Single.aspx?uid=196528&resourceID=19191,50.99648783590513,-2.6965032592231473
Keynsham Cemetery,Keynsham,/wiki/Keynsham,ST64516925,https://www.heritagegateway.org.uk/Gateway/Results_Single.aspx?uid=201036&resourceID=19191,51.421145814568675,-2.511795013182864
Lopen,Lopen,/wiki/Lopen,ST427139,https://www.heritagegateway.org.uk/Gateway/Results_Single.aspx?uid=1391028&resourceID=19191,50.921701704754014,-2.8166161994624215
Low Ham,Low Ham,/wiki/Low_Ham,ST43552884,https://www.heritagegateway.org.uk/Gateway/Results_Single.aspx?uid=193640&resourceID=19191,51.05611663157336,-2.806849522848395
Lufton,Lufton,/wiki/Lufton,ST51511784,https://www.heritagegateway.org.uk/Gateway/Results_Single.aspx?uid=196068&resourceID=19191,50.95793837873982,-2.6917970035551235
Mells Park,Leigh-on-Mendip,/wiki/Leigh-on-Mendip,ST703475,https://www.heritagegateway.org.uk/Gateway/Results_Single.aspx?uid=202840&resourceID=19191,51.22591517272427,-2.4267054545091913
Newton St Loe,Newton St Loe,/wiki/Newton_St_Loe,ST71206553,https://www.heritagegateway.org.uk/Gateway/Results_Single.aspx?uid=203682&resourceID=19191,51.3880786809916,-2.4152785038745215
Paulton,Paulton,/wiki/Paulton,ST67125674,https://www.heritagegateway.org.uk/Gateway/Results_Single.aspx?uid=200482&resourceID=19191,51.30882180215111,-2.47309781410295
Pitney,Pitney,/wiki/Pitney,ST45053006,https://www.heritagegateway.org.uk/Gateway/Results_Single.aspx?uid=194019&resourceID=19191,51.06723181795601,-2.7856322054660927
Priddy,Priddy,/wiki/Priddy,ST53095146,https://www.heritagegateway.org.uk/Gateway/Results_Single.aspx?uid=197734&resourceID=19191,51.2603619978861,-2.673683066205687
Shapwick,Shapwick,/wiki/Shapwick_Somerset,ST42473948,https://www.heritagegateway.org.uk/Gateway/Results_Single.aspx?uid=1267212&resourceID=19191,51.151675020470044,-2.8239595583627626
Somerdale,Keynsham,/wiki/Keynsham,ST65636894,https://www.heritagegateway.org.uk/Gateway/Results_Single.aspx?uid=200916&resourceID=19191,51.41842777699887,-2.495657406294635
Somerton,Somerton,/wiki/Somerton_Somerset,ST49712904,https://www.heritagegateway.org.uk/Gateway/Results_Single.aspx?uid=193535&resourceID=19191,51.0584887107805,-2.718982125330645
Wadeford,Wadeford,/wiki/Wadeford,ST30881049,https://www.heritagegateway.org.uk/Gateway/Results_Single.aspx?uid=191803&resourceID=19191,50.889744893428016,-2.9841385799047107
Wellow,Wellow,/wiki/Wellow_Somerset,ST72805799,https://www.heritagegateway.org.uk/Gateway/Results_Single.aspx?uid=203043&resourceID=19191,51.32036221483377,-2.3917056485840607
Wemberham,Yatton,/wiki/Yatton,ST40526522,https://www.heritagegateway.org.uk/Gateway/Results_Single.aspx?uid=194992&resourceID=19191,51.38289904333779,-2.856132409846791
Westland,Yeovil,/wiki/Yeovil,ST54881570,https://www.heritagegateway.org.uk/Gateway/Results_Single.aspx?uid=196095&resourceID=19191,50.938970460011056,-2.6435476193307865
West Coker,West Coker,/wiki/West_Coker,ST528138,https://www.heritagegateway.org.uk/Gateway/Results_Single.aspx?uid=196297&resourceID=19191,50.92171925244119,-2.6729046444018976
Whatley,Whatley,/wiki/Whatley_Mendip,ST74424699,https://www.heritagegateway.org.uk/Gateway/Results_Single.aspx?uid=202781&resourceID=19191,51.22152975952181,-2.367667907668561
Whitestaunton,Whitestaunton,/wiki/Whitestaunton,ST28021058,https://www.heritagegateway.org.uk/Gateway/Results_Single.aspx?uid=190400&resourceID=19191,50.890204187079135,-3.024820220190844
Wincanton,Wincanton,/wiki/Wincanton,ST70212819,https://www.heritagegateway.org.uk/Gateway/Results_Single.aspx?uid=202365&resourceID=19191,51.05227937536479,-2.4263908542956605
Acton Trussell,Acton Trussell,/wiki/Acton_Trussell,SJ937175,https://www.heritagegateway.org.uk/Gateway/Results_Single.aspx?uid=77144&resourceID=19191,52.75507629208439,-2.094784347383606
Hales,Hales,/wiki/Hales_Staffordshire,SJ72223371,https://www.heritagegateway.org.uk/Gateway/Results_Single.aspx?uid=74380&resourceID=19191,52.9001091892315,-2.4144316335775127
Shenstone,Shenstone,/wiki/Shenstone_Staffordshire,SK11030544,https://www.heritagegateway.org.uk/Gateway/Results_Single.aspx?uid=306513&resourceID=19191,52.64658974959616,-1.8384113720710076
Engleton,Brewood,/wiki/Brewood,SJ89451023,https://www.heritagegateway.org.uk/Gateway/Results_Single.aspx?uid=75403&resourceID=19191,52.689655078224185,-2.157519220530999
Castle Hill,Castle HillIpswich,/wiki/Castle_Hill_Ipswich_Suffolk,TM14744660,https://www.heritagegateway.org.uk/Gateway/Results_Single.aspx?uid=388170&resourceID=19191,52.076102156021534,1.1346094114369427
Exning,Exning,/wiki/Exning,TL61216759,https://www.heritagegateway.org.uk/Gateway/Results_Single.aspx?uid=377367&resourceID=19191,52.282813215217665,0.36290127084357127
Farnham,Farnham,/wiki/Farnham_Suffolk,TM37125836,https://www.heritagegateway.org.uk/Gateway/Results_Single.aspx?uid=391328&resourceID=19191,52.172515500216846,1.4696254029798117
Horselands,Icklingham,/wiki/Icklingham,TL78067204,https://www.heritagegateway.org.uk/Gateway/Results_Single.aspx?uid=379957&resourceID=19191,52.31758285837902,0.6123667468694516
Lidgate,Lidgate,/wiki/Lidgate,TL73195715,https://www.heritagegateway.org.uk/Gateway/Results_Single.aspx?uid=379484&resourceID=19191,52.18540512390666,0.5332385805975423
Pakenham,Pakenham,/wiki/Pakenham_Suffolk,TL90126950,https://www.heritagegateway.org.uk/Gateway/Results_Single.aspx?uid=385187&resourceID=19191,52.29073420819386,0.7879511615549541
Stanton Chare,Stanton,/wiki/Stanton_Suffolk,TL955742,https://www.heritagegateway.org.uk/Gateway/Results_Single.aspx?uid=385417&resourceID=19191,52.33104920389849,0.8696134887944217
Stonham Aspal,Stonham Aspal,/wiki/Stonham_Aspal,TM13095944,https://www.heritagegateway.org.uk/Gateway/Results_Single.aspx?uid=388631&resourceID=19191,52.192006491077656,1.1185774648586053
Abinger,Abinger,/wiki/Abinger,TQ10644746,https://www.heritagegateway.org.uk/Gateway/Results_Single.aspx?uid=396943&resourceID=19191,51.21563493100228,-0.41697448134307574
Ashtead,Ashtead,/wiki/Ashtead,TQ17756017,https://www.heritagegateway.org.uk/Gateway/Results_Single.aspx?uid=397707&resourceID=19191,51.32845091464503,-0.3109731967031485
Banstead,Banstead,/wiki/Banstead,TQ22395567,https://www.heritagegateway.org.uk/Gateway/Results_Single.aspx?uid=400125&resourceID=19191,51.287028332250536,-0.2459072555413311
Binscombe,Farncombe,/wiki/Farncombe,SU970460,https://www.heritagegateway.org.uk/Gateway/Results_Single.aspx?uid=968706&resourceID=19191,51.20498801709071,-0.6126953494789048
Chiddingfold,Chiddingfold,/wiki/Chiddingfold,SU97843610,https://www.heritagegateway.org.uk/Gateway/Results_Single.aspx?uid=249940&resourceID=19191,51.11585075019939,-0.6033607036248251
Compton,Compton,/wiki/Compton_Guildford,SU95734798,https://www.heritagegateway.org.uk/Gateway/Results_Single.aspx?uid=250238&resourceID=19191,51.223000901939905,-0.6303486278958669
Rapsley,Ewhurst,/wiki/Ewhurst_Surrey,TQ08034152,https://www.heritagegateway.org.uk/Gateway/Results_Single.aspx?uid=393954&resourceID=19191,51.162741448556126,-0.45613588025354496
Titsey Park,Titsey Place,/wiki/Titsey_Place,TQ40485457,https://www.heritagegateway.org.uk/Gateway/Results_Single.aspx?uid=407426&resourceID=19191,51.27297300642211,0.013121361656802158
Walton Heath,Walton Heath,/wiki/Walton_Heath,TQ23165365,https://www.heritagegateway.org.uk/Gateway/Results_Single.aspx?uid=400396&resourceID=19191,51.268707678075884,-0.23555940697005348
Worplesdon,Worplesdon,/wiki/Worplesdon,SU96895107,https://www.heritagegateway.org.uk/Gateway/Results_Single.aspx?uid=250813&resourceID=19191,51.25058216285787,-0.6129001896536688
Barcombe,Barcombe,/wiki/Barcombe,TQ417142,https://www.heritagegateway.org.uk/Gateway/Results_Single.aspx?uid=618719&resourceID=19191,50.909886557982944,0.01477206267824388
Eastbourne,Eastbourne,/wiki/Eastbourne,TV618990,https://www.heritagegateway.org.uk/Gateway/Results_Single.aspx?uid=470246&resourceID=19191,50.768031390106344,0.29403038320403396
Hartfield,Hartfield,/wiki/Hartfield,TQ44373195,https://www.heritagegateway.org.uk/Gateway/Results_Single.aspx?uid=407127&resourceID=19191,51.06873522395907,0.05981620187945142
Plumpton,Plumpton,/wiki/Plumpton_East_Sussex,TQ360147,https://www.heritagegateway.org.uk/Gateway/Results_Single.aspx?uid=974745&resourceID=19191,50.91575010957432,-0.0661395536483631
Preston Court,Beddingham,/wiki/Beddingham,TQ45870734,https://www.heritagegateway.org.uk/Gateway/Results_Single.aspx?uid=973183&resourceID=19191,50.84720108514869,0.07136332777777864
Preston Park,Preston Park Brighton,/wiki/Preston_Park_Brighton,TQ30910572,https://www.heritagegateway.org.uk/Gateway/Results_Single.aspx?uid=401953&resourceID=19191,50.83621666533182,-0.14178140812820766
Angmering,Angmering,/wiki/Angmering,TQ05310451,https://www.heritagegateway.org.uk/Gateway/Results_Single.aspx?uid=392756&resourceID=19191,50.83055926528096,-0.5057701490129567
Arundel,Arundel,/wiki/Arundel,TQ01540692,https://www.heritagegateway.org.uk/Gateway/Results_Single.aspx?uid=392697&resourceID=19191,50.85289714844723,-0.5586424495607341
Batten Hanger,Elsted and Treyford,/wiki/Elsted_and_Treyford,SU81801533,https://www.heritagegateway.org.uk/Gateway/Results_Single.aspx?uid=246266&resourceID=19191,50.93163261847403,-0.8372317671621907
Bignor,Bignor,/wiki/Bignor,SU98841469,https://www.heritagegateway.org.uk/Gateway/Results_Single.aspx?uid=249475&resourceID=19191,50.92321435307508,-0.5949039133904347
Borough Farm,Pulborough,/wiki/Pulborough,TQ06882009,https://www.heritagegateway.org.uk/Gateway/Results_Single.aspx?uid=393391&resourceID=19191,50.970324028635545,-0.47891511472585413
Chilgrove,Chilgrove,/wiki/Chilgrove,SU83441244,https://www.heritagegateway.org.uk/Gateway/Results_Single.aspx?uid=246688&resourceID=19191,50.905415658243875,-0.8145528273756923
Chilgrove,Chilgrove,/wiki/Chilgrove,SU84121362,https://www.heritagegateway.org.uk/Gateway/Results_Single.aspx?uid=246691&resourceID=19191,50.915925801615394,-0.8046091472242857
Fishbourne,Fishbourne,/wiki/Fishbourne_West_Sussex,SU83940479,https://www.heritagegateway.org.uk/Gateway/Results_Single.aspx?uid=245943&resourceID=19191,50.83656602090415,-0.8091951841925465
Hurstpierpoint,Hurstpierpoint,/wiki/Hurstpierpoint,TQ28091505,https://www.heritagegateway.org.uk/Gateway/Results_Single.aspx?uid=398970&resourceID=19191,50.92070408896807,-0.17856939904262983
Littlehampton,Littlehampton,/wiki/Littlehampton,TQ03960266,https://www.heritagegateway.org.uk/Gateway/Results_Single.aspx?uid=392824&resourceID=19191,50.81417239652898,-0.5254663996429737
Northbrook College,Worthing,/wiki/Worthing,TQ105038,https://www.heritagegateway.org.uk/Gateway/Results_Single.aspx?uid=762877&resourceID=19191,50.82321054587029,-0.4322780966066357
Pitlands Farm,Up Marden,/wiki/Up_Marden,SU797124,https://www.heritagegateway.org.uk/Gateway/Results_Single.aspx?uid=242752&resourceID=19191,50.90558374334114,-0.8677571867686187
Sidlesham,Sidlesham,/wiki/Sidlesham,SZ85479702,https://www.heritagegateway.org.uk/Gateway/Results_Single.aspx?uid=462211&resourceID=19191,50.76648594169326,-0.7892723320133126
Southwick,Southwick,/wiki/Southwick_West_Sussex,TQ24460565,https://www.heritagegateway.org.uk/Gateway/Results_Single.aspx?uid=398675&resourceID=19191,50.83700923801859,-0.23342508528364972
Walberton,Walberton,/wiki/Walberton,SU978056,N/A,50.841674326373905,-0.6121333447807625
West Marden,West Marden,/wiki/West_Marden,SU77341264,https://www.heritagegateway.org.uk/Gateway/Results_Single.aspx?uid=242738&resourceID=19191,50.908062044654415,-0.9012734773273345
Wiggonholt,Wiggonholt,/wiki/Wiggonholt,TQ06471756,https://www.heritagegateway.org.uk/Gateway/Results_Single.aspx?uid=392908&resourceID=19191,50.94765731612898,-0.48549514262141796
Radford Semele,Radford Semele,/wiki/Radford_Semele,SP34256245,https://www.heritagegateway.org.uk/Gateway/Results_Single.aspx?uid=335629&resourceID=19191,52.25916042496188,-1.4996170136133469
Snowford Bridge,Long Itchington,/wiki/Long_Itchington,SP39646685,https://www.heritagegateway.org.uk/Gateway/Results_Single.aspx?uid=335483&resourceID=19191,52.29835469628721,-1.4201314688361266
Allington,Allington,/wiki/Allington_Salisbury,SU20693833,https://www.heritagegateway.org.uk/Gateway/Results_Single.aspx?uid=223270&resourceID=19191,51.14386798564983,-1.705612981566132
Atworth,Atworth,/wiki/Atworth,ST85556640,https://www.heritagegateway.org.uk/Gateway/Results_Single.aspx?uid=207925&resourceID=19191,51.396451117281245,-2.209087650611612
Bedwyn,Bedwyn,/wiki/Bedwyn,SU28356295,https://www.heritagegateway.org.uk/Gateway/Results_Single.aspx?uid=224845&resourceID=19191,51.364915042771266,-1.594169418311721
Box,Box,/wiki/Box_Wiltshire,ST82326854,https://www.heritagegateway.org.uk/Gateway/Results_Single.aspx?uid=207955&resourceID=19191,51.41560084217154,-2.2556219095451304
Bradford on Avon,Bradford on Avon,/wiki/Bradford_on_Avon,ST81756135,https://www.heritagegateway.org.uk/Gateway/Results_Single.aspx?uid=867326&resourceID=19191,51.35093343351527,-2.2634465156457444
Brixton Deverill,Brixton Deverill,/wiki/Brixton_Deverill,ST86183884,N/A,51.14865404143687,-2.198957694640075
Bromham,Bromham,/wiki/Bromham_Wiltshire,ST97086620,https://www.heritagegateway.org.uk/Gateway/Results_Single.aspx?uid=211997&resourceID=19191,51.39483165233477,-2.04335765865578
Browns Farm,Marlborough,/wiki/Marlborough_Wiltshire,SU19296785,https://www.heritagegateway.org.uk/Gateway/Results_Single.aspx?uid=969756&resourceID=19191,51.40935171633763,-1.7240419958123339
Chiseldon,Chiseldon,/wiki/Chiseldon,SU19428095,https://www.heritagegateway.org.uk/Gateway/Results_Single.aspx?uid=222007&resourceID=19191,51.52713472739822,-1.7214572911091874
Colerne,Colerne,/wiki/Colerne,ST811718,https://www.heritagegateway.org.uk/Gateway/Results_Single.aspx?uid=208491&resourceID=19191,51.444873420546905,-2.273340140584917
Downton,Downton,/wiki/Downton_Wiltshire,SU18142106,https://www.heritagegateway.org.uk/Gateway/Results_Single.aspx?uid=217913&resourceID=19191,50.98866138347187,-1.7429262874380904
Grimstead,East Grimstead,/wiki/East_Grimstead,SU23372748,https://www.heritagegateway.org.uk/Gateway/Results_Single.aspx?uid=223061&resourceID=19191,51.04620285218297,-1.6680008914643538
Hazelbury,Box,/wiki/Box_Wiltshire,ST837681,https://www.heritagegateway.org.uk/Gateway/Results_Single.aspx?uid=207977&resourceID=19191,51.41168621182096,-2.2357575751607603
Hannington,Hannington,/wiki/Hannington_Wiltshire,SU18099585,https://www.heritagegateway.org.uk/Gateway/Results_Single.aspx?uid=222138&resourceID=19191,51.661147893097215,-1.7398656101806838
Lay Wood,Devizes,/wiki/Devizes,SU028629,N/A,51.36516098405339,-1.9611684714828945
Littlecote,Littlecote Park,/wiki/Littlecote_House,SU30017055,https://www.heritagegateway.org.uk/Gateway/Results_Single.aspx?uid=229119&resourceID=19191,51.43316446968186,-1.5696849584228374
Manningford Bruce,Manningford,/wiki/Manningford,SU14025805,https://www.heritagegateway.org.uk/Gateway/Results_Single.aspx?uid=220193&resourceID=19191,51.321387601109144,-1.8001960061596152
Netheravon,Netheravon,/wiki/Netheravon,SU14764815,https://www.heritagegateway.org.uk/Gateway/Results_Single.aspx?uid=218930&resourceID=19191,51.23235073049327,-1.7899826327257824
Nuthills Farm,Sandy Lane,/wiki/Sandy_Lane_Wiltshire,ST96936832,https://www.heritagegateway.org.uk/Gateway/Results_Single.aspx?uid=212025&resourceID=19191,51.413893038875905,-2.0455326594007843
Pit Meads,Sutton Veny,/wiki/Sutton_Veny,ST900433,https://www.heritagegateway.org.uk/Gateway/Results_Single.aspx?uid=211416&resourceID=19191,51.18883838660996,-2.14447037082192
Rudge,Froxfield,/wiki/Froxfield,SU27996960,https://www.heritagegateway.org.uk/Gateway/Results_Single.aspx?uid=224670&resourceID=19191,51.42472567250691,-1.5988181087151256
Sherston,Sherston,/wiki/Sherston_Wiltshire,ST85558670,https://www.heritagegateway.org.uk/Gateway/Results_Single.aspx?uid=867348&resourceID=19191,51.578976980292225,-2.2099252218838408
Stanton Fitzwarren,Stanton Fitzwarren,/wiki/Stanton_Fitzwarren,SU17329020,https://www.heritagegateway.org.uk/Gateway/Results_Single.aspx?uid=222169&resourceID=19191,51.61037188987281,-1.751275447339725
Stanton Park,Stanton St Quintin,/wiki/Stanton_St_Quintin,ST89607962,https://www.heritagegateway.org.uk/Gateway/Results_Single.aspx?uid=208219&resourceID=19191,51.51540827007959,-2.15126740797157
Starveall Farm,Bishopstone,/wiki/Bishopstone_Swindon,SU25928158,https://www.heritagegateway.org.uk/Gateway/Results_Single.aspx?uid=225577&resourceID=19191,51.532539562917165,-1.627714918579008
Tockenham,Tockenham,/wiki/Tockenham,SU03887971,https://www.heritagegateway.org.uk/Gateway/Results_Single.aspx?uid=887838&resourceID=19191,51.51630281738913,-1.9454767592890203
Truckle Hill,Ford,/wiki/Ford_North_Wiltshire,ST83687609,https://www.heritagegateway.org.uk/Gateway/Results_Single.aspx?uid=208315&resourceID=19191,51.483527456779065,-2.2364162748951935
West Dean,West Dean,/wiki/West_Dean_Wiltshire,SU25792710,https://www.heritagegateway.org.uk/Gateway/Results_Single.aspx?uid=222998&resourceID=19191,51.04268282413537,-1.6335063839079056
Bays Meadow,Droitwich Spa,/wiki/Droitwich_Spa,SO897638,https://www.heritagegateway.org.uk/Gateway/Results_Single.aspx?uid=116308&resourceID=19191,52.27225779320733,-2.1523692058042356
Brantingham,Brantingham,/wiki/Brantingham,SE93152880,https://www.heritagegateway.org.uk/Gateway/Results_Single.aspx?uid=63917&resourceID=19191,53.74726258271585,-0.5887320567852721
Grindale,Grindale,/wiki/Grindale,TA13457122,https://www.heritagegateway.org.uk/Gateway/Results_Single.aspx?uid=81350&resourceID=19191,54.1243323562747,-0.2651133133817195
Harpham,Harpham,/wiki/Harpham,TA08996360,https://www.heritagegateway.org.uk/Gateway/Results_Single.aspx?uid=79578&resourceID=19191,54.05684004530401,-0.3361166806619738
Rudston,Rudston,/wiki/Rudston,TA08946671,https://www.heritagegateway.org.uk/Gateway/Results_Single.aspx?uid=79473&resourceID=19191,54.0847900782394,-0.3357629461930631
South Newbald,South Newbald,/wiki/South_Newbald,SE90453610,https://www.heritagegateway.org.uk/Gateway/Results_Single.aspx?uid=64117&resourceID=19191,53.81333086968858,-0.6275412790428526
Aiskew,Aiskew,/wiki/Aiskew,SE2789,N/A,54.295912034227705,-1.586657690338814
Beadlam,Beadlam,/wiki/Beadlam,SE63428412,https://www.heritagegateway.org.uk/Gateway/Results_Single.aspx?uid=58835&resourceID=19191,54.2488467288328,-1.0281132688843424
Castle Dikes,North Stainley,/wiki/North_Stainley,SE29137559,https://www.heritagegateway.org.uk/Gateway/Results_Single.aspx?uid=52079&resourceID=19191,54.17527953288838,-1.5552281755931894
Chapel House Farm,Dalton on Tees,/wiki/Dalton_on_Tees,NZ30080822,https://www.heritagegateway.org.uk/Gateway/Results_Single.aspx?uid=1230878&resourceID=19191,54.46846669272548,-1.5373975872688679
Hovingham,Hovingham,/wiki/Hovingham,SE66237569,https://www.heritagegateway.org.uk/Gateway/Results_Single.aspx?uid=58446&resourceID=19191,54.17274015250671,-0.9868404719444301
Kirk Sink,Gargrave,/wiki/Gargrave,SD93955351,https://www.heritagegateway.org.uk/Gateway/Results_Single.aspx?uid=46569&resourceID=19191,53.97761818798387,-2.093733115305909
Langton,Langton,/wiki/Langton_North_Yorkshire,SE81646750,https://www.heritagegateway.org.uk/Gateway/Results_Single.aspx?uid=61982&resourceID=19191,54.09693437953481,-0.7529713243247987
Middleham,Middleham,/wiki/Middleham,SE13468722,https://www.heritagegateway.org.uk/Gateway/Results_Single.aspx?uid=50870&resourceID=19191,54.28044790560699,-1.7947738747422328
Piercebridge,Manfield,/wiki/Manfield,NZ221152,https://www.heritagegateway.org.uk/Gateway/Results_Single.aspx?uid=23732&resourceID=19191,54.53160237206569,-1.6600030605127005
Pond Head Farm,Oulston,/wiki/Oulston,SE5674,https://www.heritagegateway.org.uk/Gateway/Results_Single.aspx?uid=56890&resourceID=19191,54.15876888033726,-1.1438787988382462
Quarry Farm,Ingleby Barwick,/wiki/Ingleby_Barwick,NZ437150,https://www.heritagegateway.org.uk/Gateway/Results_Single.aspx?uid=1314853&resourceID=19191,54.52840727120587,-1.3262505487119838
Street House,Loftus,/wiki/Loftus_North_Yorkshire,NZ7419,N/A,54.560835139376614,-0.857047458516355
Tadcaster,Kirkby Wharfe,/wiki/Kirkby_Wharfe,SE50564094,https://www.heritagegateway.org.uk/Gateway/Results_Single.aspx?uid=56512&resourceID=19191,53.86222771826052,-1.2326745305849844
Well,Well,/wiki/Well_North_Yorkshire,SE26498182,https://www.heritagegateway.org.uk/Gateway/Results_Single.aspx?uid=52235&resourceID=19191,54.23141174651045,-1.5951259989722668
Wharram Grange,Wharram le Street,/wiki/Wharram_le_Street,SE847656,https://www.heritagegateway.org.uk/Gateway/Results_Single.aspx?uid=1143533&resourceID=19191,54.07936871485739,-0.706706348399965
Wharram le Street,Wharram le Street,/wiki/Wharram_le_Street,SE868662,https://www.heritagegateway.org.uk/Gateway/Results_Single.aspx?uid=1315010&resourceID=19191,54.08441064935194,-0.6744327425957892
Stancil,Wadworth,/wiki/Wadworth,SK60979604,https://www.heritagegateway.org.uk/Gateway/Results_Single.aspx?uid=320822&resourceID=19191,53.457595473411644,-1.0831802055381274
Dalton Parlours,Collingham,/wiki/Collingham_West_Yorkshire,SE40274453,https://www.heritagegateway.org.uk/Gateway/Results_Single.aspx?uid=54988&resourceID=19191,53.89539010395559,-1.388672314770712
